"res_entry_id","political_function"
"CH_Abate_Fabio_1966__1","NT_LE-UH_T3_NA_01"
"CH_Abate_Fabio_1966__2","NT_LE-LH_T3_NA_01"
"CH_Abegg_Alfred_1914__1","NT_LE-LH_T3_NA_01"
"CH_Ackermann_Alfred_1907__1","NT_LE-LH_T3_NA_01"
"CH_Ackermann_Joseph_1901__1","NT_LE-LH_T3_NA_01"
"CH_Ackermann_Walter_1890__1","NT_LE-UH_T3_NA_01"
"CH_Addor_Jean_1964__1","NT_LE-LH_T3_NA_01"
"CH_Addor_Jules_1894__1","NT_LE-LH_T3_NA_01"
"CH_Aebersold_Ernst_1887__1","NT_LE-LH_T3_NA_01"
"CH_Aebi_Andreas_1958__1","NT_LE-LH_T3_NA_01"
"CH_Aebischer_Matthias_1967__1","NT_LE-LH_T3_NA_01"
"CH_Aebischer_Max_1914__1","NT_LE-LH_T3_NA_01"
"CH_Aebischer_Paul_1908__1","NT_LE-LH_T3_NA_01"
"CH_Aeby_Pierre_1884__1","NT_LE-LH_T3_NA_01"
"CH_Aeby_Pierre_1950__1","NT_LE-UH_T3_NA_01"
"CH_Aeppli_Regine_1952__1","NT_LE-LH_T3_NA_01"
"CH_Aeschbach_Adolf_1888__1","NT_LE-LH_T3_NA_01"
"CH_Aeschbacher_Ruedi_1941__1","NT_LE-LH_T3_NA_01"
"CH_Aeschi_Thomas_1979__1","NT_LE-LH_T3_NA_01"
"CH_Affolter_Alfred_1941__1","NT_LE-LH_T3_NA_01"
"CH_Affolter_Max_1923__1","NT_LE-UH_T3_NA_01"
"CH_Agostinetti_Emilio_1912__1","NT_LE-LH_T3_NA_01"
"CH_Aguet_Pierre_1938__1","NT_LE-LH_T3_NA_01"
"CH_Agustoni_Mario_1902__1","NT_LE-LH_T3_NA_01"
"CH_Agustoni_Mario_1902__2","NT_LE-LH_T3_NA_01"
"CH_Akeret_Erwin_1915__1","NT_LE-LH_T3_NA_01"
"CH_Albrecht_August_1907__1","NT_LE-LH_T3_NA_01"
"CH_Albrecht_Hans_1909__1","NT_LE-LH_T3_NA_01"
"CH_Albrecht_Luigi_1889__1","NT_LE-LH_T3_NA_01"
"CH_Alder_Claudius_1938__1","NT_LE-LH_T3_NA_01"
"CH_Alder_Fredi_1943__1","NT_LE-LH_T3_NA_01"
"CH_Aliesch_Peter_1946__1","NT_LE-LH_T3_NA_01"
"CH_Allemann_Evi_1978__1","NT_LE-LH_T3_NA_01"
"CH_Allemann_Werner_1902__1","NT_LE-LH_T3_NA_01"
"CH_Allenspach_Heinz_1928__1","NT_LE-LH_T3_NA_01"
"CH_Allgoewer_Walter_1912__1","NT_LE-LH_T3_NA_01"
"CH_Allgoewer_Werner_1879__1","NT_LE-LH_T3_NA_01"
"CH_Altherr_Hans_1950__1","NT_LE-UH_T3_NA_01"
"CH_Altwegg_Paul_1884__1","NT_LE-UH_T3_NA_01"
"CH_Amacker_Kathrin_1962__1","NT_LE-LH_T3_NA_01"
"CH_Amarelle_Cesla_1973__1","NT_LE-LH_T3_NA_01"
"CH_Amaudruz_Celine_1979__1","NT_LE-LH_T3_NA_01"
"CH_Amgwerd_Madeleine_1946__1","NT_LE-UH_T3_NA_01"
"CH_Amherd_Viola_1962__1","NT_LE-LH_T3_NA_01"
"CH_Ammann_Regina_1963__1","NT_LE-LH_T3_NA_01"
"CH_Ammann_Thomas_1964__1","NT_LE-LH_T3_NA_01"
"CH_Ammann_Ulrich_1921__1","NT_LE-LH_T3_NA_01"
"CH_Ammann_Walter_1946__1","NT_LE-LH_T3_NA_01"
"CH_Amstad_Eduard_1922__1","NT_LE-UH_T3_NA_01"
"CH_Amstutz_Adrian_1953__1","NT_LE-UH_T3_NA_01"
"CH_Amstutz_Adrian_1953__2","NT_LE-LH_T3_NA_01"
"CH_Amstutz_Adrian_1953__3","NT_LE-LH_T3_NA_01"
"CH_Anderegg_Emil_1903__1","NT_LE-LH_T3_NA_01"
"CH_Andermatt_Othmar_1922__1","NT_LE-UH_T3_NA_01"
"CH_Anet_Henri_1895__1","NT_LE-LH_T3_NA_01"
"CH_Antille_Charles_1944__1","NT_LE-LH_T3_NA_01"
"CH_Antille_Rosemarie_1949__1","NT_LE-LH_T3_NA_01"
"CH_Antognini_Antonio_1893__1","NT_LE-UH_T3_NA_01"
"CH_Antognini_Antonio_1893__2","NT_LE-LH_T3_NA_01"
"CH_Aregger_Manfred_1931__1","NT_LE-LH_T3_NA_01"
"CH_Arni_Willy_1899__1","NT_LE-LH_T3_NA_01"
"CH_Arnold_Beat_1978__1","NT_LE-LH_T3_NA_01"
"CH_Arnold_Emil_1897__1","NT_LE-LH_T3_NA_01"
"CH_Arnold_Emil_1897__2","NT_LE-LH_T3_NA_01"
"CH_Arnold_Franz_1897__1","NT_LE-LH_T3_NA_01"
"CH_Arnold_Leo_1923__1","NT_LE-UH_T3_NA_01"
"CH_Arnold_Max_1909__1","NT_LE-LH_T3_NA_01"
"CH_Arnold_Max_1909__2","NT_LE-LH_T3_NA_01"
"CH_Arslan_Sibel_1980__1","NT_LE-LH_T3_NA_01"
"CH_Aubert_Jean_1931__1","NT_LE-UH_T3_NA_01"
"CH_Aubert_Jean_1931__2","NT_LE-LH_T3_NA_01"
"CH_Aubert_Josiane_1949__1","NT_LE-LH_T3_NA_01"
"CH_Aubert_Pierre_1927__1","NT_LE-UH_T3_NA_01"
"CH_Aubry_Genevieve_1928__1","NT_LE-LH_T3_NA_01"
"CH_Auer_Felix_1925__1","NT_LE-LH_T3_NA_01"
"CH_aufderMaur_Dominik_1896__1","NT_LE-UH_T3_NA_01"
"CH_Augsburger_Walter_1922__1","NT_LE-LH_T3_NA_01"
"CH_Auroi_Andre_1919__1","NT_LE-LH_T3_NA_01"
"CH_Baader_Caspar_1953__1","NT_LE-LH_T3_NA_01"
"CH_Babel_Jean_1921__1","NT_LE-LH_T3_NA_01"
"CH_Bacciarini_Alma_1921__1","NT_LE-LH_T3_NA_01"
"CH_Bachmann_Arthur_1922__1","NT_LE-LH_T3_NA_01"
"CH_Bachmann_Ernst_1912__1","NT_LE-UH_T3_NA_01"
"CH_Bachmann_Ernst_1912__2","NT_LE-LH_T3_NA_01"
"CH_Bachmann_Karl_1915__1","NT_LE-LH_T3_NA_01"
"CH_Bader_Elvira_1955__1","NT_LE-LH_T3_NA_01"
"CH_Badoux_Henri_1909__1","NT_LE-LH_T3_NA_01"
"CH_Badran_Jacqueline_1961__1","NT_LE-LH_T3_NA_01"
"CH_Baechtold_Gilbert_1921__1","NT_LE-LH_T3_NA_01"
"CH_Baechtold_Jakob_1905__1","NT_LE-LH_T3_NA_01"
"CH_Baechtold_Jakob_1905__2","NT_LE-LH_T3_NA_01"
"CH_Baechtold_Kurt_1918__1","NT_LE-UH_T3_NA_01"
"CH_Baenziger_Marlies_1960__1","NT_LE-LH_T3_NA_01"
"CH_Baer_Rosmarie_1947__1","NT_LE-LH_T3_NA_01"
"CH_Baerlocher_Remigius_1915__1","NT_LE-LH_T3_NA_01"
"CH_Baerlocher_Thomas_1956__1","NT_LE-LH_T3_NA_01"
"CH_Baertschi_Ernst_1882__1","NT_LE-LH_T3_NA_01"
"CH_Baettig_Dominique_1953__1","NT_LE-LH_T3_NA_01"
"CH_Baeumle_Martin_1964__1","NT_LE-LH_T3_NA_01"
"CH_Baeumlin_Richard_1927__8","NT_LE-LH_T3_NA_01"
"CH_Baeumlin_Ursula_1938__1","NT_LE-LH_T3_NA_01"
"CH_Baggi_Giovanni_1929__12","NT_LE-LH_T3_NA_01"
"CH_Ballmoos_Walter_1911__1","NT_LE-LH_T3_NA_01"
"CH_Banga_Boris_1949__1","NT_LE-LH_T3_NA_01"
"CH_Bangerter_Kaethi_1937__1","NT_LE-LH_T3_NA_01"
"CH_Barazzone_Guillaume_1982__1","NT_LE-LH_T3_NA_01"
"CH_Barben_Ernst_1899__1","NT_LE-LH_T3_NA_01"
"CH_Barchi_Pier_1929__1","NT_LE-LH_T3_NA_01"
"CH_Barras_Louis_1917__1","NT_LE-LH_T3_NA_01"
"CH_Barrelet_Jean_1902__1","NT_LE-UH_T3_NA_01"
"CH_Barrile_Angelo_1976__1","NT_LE-LH_T3_NA_01"
"CH_Barthassat_Luc_1960__1","NT_LE-LH_T3_NA_01"
"CH_Basler_Konrad_1929__1","NT_LE-LH_T3_NA_01"
"CH_Baudat_Maurice_1888__1","NT_LE-LH_T3_NA_01"
"CH_Bauder_Robert_1916__1","NT_LE-LH_T3_NA_01"
"CH_Baudere_Raymond_1920__1","NT_LE-LH_T3_NA_01"
"CH_Bauer_Albert_1911__1","NT_LE-LH_T3_NA_01"
"CH_Bauer_Monique_1922__1","NT_LE-UH_T3_NA_01"
"CH_Bauer_Philippe_1962__1","NT_LE-LH_T3_NA_01"
"CH_Baumann_Isidor_1955__1","NT_LE-UH_T3_NA_01"
"CH_Baumann_Josef_1942__1","NT_LE-LH_T3_NA_01"
"CH_Baumann_Ruedi_1947__1","NT_LE-LH_T3_NA_01"
"CH_Baumann_Stephanie_1951__1","NT_LE-LH_T3_NA_01"
"CH_Baumann_Walter_1914__1","NT_LE-LH_T3_NA_01"
"CH_Baumberger_Hans_1932__1","NT_LE-UH_T3_NA_01"
"CH_Baumberger_Hans_1932__2","NT_LE-LH_T3_NA_01"
"CH_Baumberger_Peter_1942__1","NT_LE-LH_T3_NA_01"
"CH_Baumgartner_David_1908__1","NT_LE-LH_T3_NA_01"
"CH_Baumgartner_Emil_1905__1","NT_LE-LH_T3_NA_01"
"CH_Baumgartner_Franz_1926__1","NT_LE-LH_T3_NA_01"
"CH_Beck_Carl_1894__1","NT_LE-LH_T3_NA_01"
"CH_Beck_Marcel_1908__1","NT_LE-LH_T3_NA_01"
"CH_Beck_Serge_1955__1","NT_LE-LH_T3_NA_01"
"CH_Beerli_Christine_1953__1","NT_LE-UH_T3_NA_01"
"CH_Begle_Claude_1949__1","NT_LE-LH_T3_NA_01"
"CH_Beguelin_Michel_1936__1","NT_LE-UH_T3_NA_01"
"CH_Beguelin_Michel_1936__2","NT_LE-LH_T3_NA_01"
"CH_Beguin_Thierry_1947__1","NT_LE-UH_T3_NA_01"
"CH_Belser_Eduard_1942__1","NT_LE-UH_T3_NA_01"
"CH_Bendahan_Samuel_1980__1","NT_LE-LH_T3_NA_01"
"CH_Berberat_Didier_1956__1","NT_LE-UH_T3_NA_01"
"CH_Berberat_Didier_1956__2","NT_LE-LH_T3_NA_01"
"CH_Berger_Claude_1921__1","NT_LE-LH_T3_NA_01"
"CH_Berger_Fritz_1897__1","NT_LE-LH_T3_NA_01"
"CH_Berger_Gallus_1903__1","NT_LE-LH_T3_NA_01"
"CH_Berger_Hermann_1905__1","NT_LE-LH_T3_NA_01"
"CH_Berger_Jean_1929__1","NT_LE-LH_T3_NA_01"
"CH_Berger_Michele_1944__1","NT_LE-UH_T3_NA_01"
"CH_Bernasconi_Madeleine_1939__1","NT_LE-LH_T3_NA_01"
"CH_Bernhardsgruetter_Urs_1962__1","NT_LE-LH_T3_NA_01"
"CH_Bernoulli_Hans_1876__1","NT_LE-LH_T3_NA_01"
"CH_Berset_Alain_1972__1","NT_LE-UH_T3_NA_01"
"CH_Bertholet_Raymond_1909__1","NT_LE-LH_T3_NA_01"
"CH_Berthoud_Henri_1877__1","NT_LE-LH_T3_NA_01"
"CH_Berthoud_Henri_1877__2","NT_LE-LH_T3_NA_01"
"CH_Bertschy_Kathrin_1979__1","NT_LE-LH_T3_NA_01"
"CH_Besuchet_Roger_1928__1","NT_LE-LH_T3_NA_01"
"CH_Bezzola_Duri_1942__1","NT_LE-LH_T3_NA_01"
"CH_Biderbost_Paul_1927__1","NT_LE-LH_T3_NA_01"
"CH_Biel_Walter_1933__1","NT_LE-LH_T3_NA_01"
"CH_Bienz_Otto_1910__1","NT_LE-LH_T3_NA_01"
"CH_Bieri_Ernst_1920__1","NT_LE-LH_T3_NA_01"
"CH_Bieri_Peter_1952__1","NT_LE-UH_T3_NA_01"
"CH_Bigger_Elmar_1949__1","NT_LE-LH_T3_NA_01"
"CH_Bigler_Hans_1958__1","NT_LE-LH_T3_NA_01"
"CH_Bignasca_Attilio_1943__1","NT_LE-LH_T3_NA_01"
"CH_Bignasca_Giuliano_1945__1","NT_LE-LH_T3_NA_01"
"CH_Bignasca_Giuliano_1945__2","NT_LE-LH_T3_NA_01"
"CH_Bill_Max_1908__1","NT_LE-LH_T3_NA_01"
"CH_Binder_Julius_1925__1","NT_LE-UH_T3_NA_01"
"CH_Binder_Julius_1925__2","NT_LE-LH_T3_NA_01"
"CH_Binder_Max_1947__1","NT_LE-LH_T3_NA_01"
"CH_Bircher_Ernst_1910__1","NT_LE-LH_T3_NA_01"
"CH_Bircher_Eugen_1882__1","NT_LE-LH_T3_NA_01"
"CH_Bircher_Peter_1939__1","NT_LE-LH_T3_NA_01"
"CH_Bircher_Silvio_1945__1","NT_LE-LH_T3_NA_01"
"CH_Birrer_Julius_1909__1","NT_LE-LH_T3_NA_01"
"CH_Birrer_Prisca_1959__1","NT_LE-LH_T3_NA_01"
"CH_Bischof_Leonhard_1957__1","NT_LE-LH_T3_NA_01"
"CH_Bischof_Pirmin_1959__1","NT_LE-UH_T3_NA_01"
"CH_Bischof_Pirmin_1959__2","NT_LE-LH_T3_NA_01"
"CH_Bischofberger_Ivo_1958__1","NT_LE-UH_T3_NA_01"
"CH_Bisig_Hans_1942__1","NT_LE-UH_T3_NA_01"
"CH_Blanc_Edmond_1908__1","NT_LE-LH_T3_NA_01"
"CH_Blaser_Adolf_1908__1","NT_LE-LH_T3_NA_01"
"CH_Blaser_Emmanuella_1945__1","NT_LE-LH_T3_NA_01"
"CH_Blatter_Ulrich_1940__1","NT_LE-LH_T3_NA_01"
"CH_Blatti_Fritz_1910__1","NT_LE-LH_T3_NA_01"
"CH_Blocher_Christoph_1940__1","NT_LE-LH_T3_NA_01"
"CH_Blocher_Christoph_1940__2","NT_LE-LH_T3_NA_01"
"CH_Bloetzer_Peter_1933__1","NT_LE-UH_T3_NA_01"
"CH_Blum_Andreas_1938__1","NT_LE-LH_T3_NA_01"
"CH_Blunschy_Elisabeth_1922__1","NT_LE-LH_T3_NA_01"
"CH_Bochatay_Armand_1915__1","NT_LE-LH_T3_NA_01"
"CH_Bodenmann_Hermann_1921__1","NT_LE-UH_T3_NA_01"
"CH_Bodenmann_Marino_1893__1","NT_LE-LH_T3_NA_01"
"CH_Bodenmann_Marino_1893__2","NT_LE-LH_T3_NA_01"
"CH_Bodenmann_Peter_1952__1","NT_LE-LH_T3_NA_01"
"CH_Boehni_Thomas_1964__1","NT_LE-LH_T3_NA_01"
"CH_Boerlin_Ernst_1905__1","NT_LE-LH_T3_NA_01"
"CH_Boesch_Emil_1909__1","NT_LE-LH_T3_NA_01"
"CH_Boffa_Amedeo_1900__1","NT_LE-LH_T3_NA_01"
"CH_Bolla_Ferruccio_1911__1","NT_LE-UH_T3_NA_01"
"CH_Bommer_Alois_1913__1","NT_LE-LH_T3_NA_01"
"CH_Boner_Adolf_1901__1","NT_LE-LH_T3_NA_01"
"CH_Bonhote_Pierre_1965__1","NT_LE-UH_T3_NA_01"
"CH_Bonnard_Claude_1922__1","NT_LE-LH_T3_NA_01"
"CH_Bonny_Jean_1931__1","NT_LE-LH_T3_NA_01"
"CH_Bonvin_Hubert_1944__1","NT_LE-LH_T3_NA_01"
"CH_Bonvin_Roger_1907__1","NT_LE-LH_T3_NA_01"
"CH_Bordoni_Rodolfo_1897__1","NT_LE-LH_T3_NA_01"
"CH_Borel_Alfred_1902__1","NT_LE-UH_T3_NA_01"
"CH_Borel_Alfred_1902__2","NT_LE-LH_T3_NA_01"
"CH_Borel_Francois_1948__1","NT_LE-LH_T3_NA_01"
"CH_Borel_Georges_1900__1","NT_LE-LH_T3_NA_01"
"CH_Borella_Achille_1908__1","NT_LE-LH_T3_NA_01"
"CH_Borella_Achille_1908__2","NT_LE-LH_T3_NA_01"
"CH_Borella_Achille_1908__3","NT_LE-LH_T3_NA_01"
"CH_Borella_Francesco_1883__1","NT_LE-LH_T3_NA_01"
"CH_Borella_Francesco_1883__2","NT_LE-LH_T3_NA_01"
"CH_Borella_Francesco_1883__3","NT_LE-LH_T3_NA_01"
"CH_Borer_Roland_1951__1","NT_LE-LH_T3_NA_01"
"CH_Borloz_Frederic_1966__1","NT_LE-LH_T3_NA_01"
"CH_Borradori_Marco_1959__1","NT_LE-LH_T3_NA_01"
"CH_Bortoluzzi_Toni_1947__1","NT_LE-LH_T3_NA_01"
"CH_Bosset_Norbert_1883__1","NT_LE-UH_T3_NA_01"
"CH_Bosshard_Walter_1950__1","NT_LE-LH_T3_NA_01"
"CH_Bossi_Bixio_1896__1","NT_LE-UH_T3_NA_01"
"CH_Bossi_Bixio_1896__2","NT_LE-LH_T3_NA_01"
"CH_Bourgeois_Jacques_1958__1","NT_LE-LH_T3_NA_01"
"CH_Bourgknecht_Jean_1902__1","NT_LE-UH_T3_NA_01"
"CH_Bourgknecht_Jean_1902__2","NT_LE-LH_T3_NA_01"
"CH_Braem_Walter_1915__1","NT_LE-LH_T3_NA_01"
"CH_Braendli_Christoffel_1943__1","NT_LE-UH_T3_NA_01"
"CH_Braendli_Heinrich_1900__1","NT_LE-LH_T3_NA_01"
"CH_Brahier_Gaston_1927__1","NT_LE-UH_T3_NA_01"
"CH_Brand_Heinz_1955__1","NT_LE-LH_T3_NA_01"
"CH_Bratschi_Heinz_1925__1","NT_LE-LH_T3_NA_01"
"CH_Bratschi_Robert_1891__1","NT_LE-LH_T3_NA_01"
"CH_Braunschweig_Hansjoerg_1930__1","NT_LE-LH_T3_NA_01"
"CH_Brawand_Marcel_1907__1","NT_LE-LH_T3_NA_01"
"CH_Brawand_Marcel_1907__2","NT_LE-LH_T3_NA_01"
"CH_Brawand_Samuel_1898__1","NT_LE-LH_T3_NA_01"
"CH_Brawand_Samuel_1898__2","NT_LE-LH_T3_NA_01"
"CH_Brechbuehl_Fritz_1897__1","NT_LE-LH_T3_NA_01"
"CH_Bregy_Philipp_1978__1","NT_LE-LH_T3_NA_01"
"CH_Breitenmoser_Albin_1920__1","NT_LE-LH_T3_NA_01"
"CH_Brelaz_Daniel_1950__1","NT_LE-LH_T3_NA_01"
"CH_Brelaz_Daniel_1950__2","NT_LE-LH_T3_NA_01"
"CH_Brelaz_Daniel_1950__3","NT_LE-LH_T3_NA_01"
"CH_Bremi_Ulrich_1929__1","NT_LE-LH_T3_NA_01"
"CH_Breny_Georges_1930__1","NT_LE-LH_T3_NA_01"
"CH_Bretscher_Otto_1911__1","NT_LE-LH_T3_NA_01"
"CH_Bretscher_Willy_1897__1","NT_LE-LH_T3_NA_01"
"CH_Bridel_Georges_1889__1","NT_LE-LH_T3_NA_01"
"CH_Briner_Peter_1943__1","NT_LE-UH_T3_NA_01"
"CH_Bringolf_Richard_1899__1","NT_LE-LH_T3_NA_01"
"CH_Bringolf_Walther_1895__1","NT_LE-LH_T3_NA_01"
"CH_Brochon_Albert_1899__1","NT_LE-LH_T3_NA_01"
"CH_Brochon_Albert_1899__2","NT_LE-LH_T3_NA_01"
"CH_Brodbeck_Paul_1890__1","NT_LE-UH_T3_NA_01"
"CH_Broennimann_Andreas_1955__1","NT_LE-LH_T3_NA_01"
"CH_Broger_Johann_1897__1","NT_LE-LH_T3_NA_01"
"CH_Broger_Raymond_1916__1","NT_LE-UH_T3_NA_01"
"CH_Broger_Raymond_1916__2","NT_LE-LH_T3_NA_01"
"CH_Brogle_Theodor_1893__1","NT_LE-LH_T3_NA_01"
"CH_Brosi_Georg_1916__1","NT_LE-LH_T3_NA_01"
"CH_Bruderer_Jakob_1890__1","NT_LE-LH_T3_NA_01"
"CH_Bruderer_Pascale_1977__1","NT_LE-UH_T3_NA_01"
"CH_Bruderer_Pascale_1977__2","NT_LE-LH_T3_NA_01"
"CH_Bruegger_Cyrill_1938__1","NT_LE-LH_T3_NA_01"
"CH_Bruggmann_Paul_1913__1","NT_LE-LH_T3_NA_01"
"CH_Bruhin_Armin_1912__1","NT_LE-LH_T3_NA_01"
"CH_Brun_Franz_1943__1","NT_LE-LH_T3_NA_01"
"CH_Brunner_Andreas_1923__1","NT_LE-LH_T3_NA_01"
"CH_Brunner_Christiane_1947__1","NT_LE-UH_T3_NA_01"
"CH_Brunner_Christiane_1947__2","NT_LE-LH_T3_NA_01"
"CH_Brunner_Hansjoerg_1966__1","NT_LE-LH_T3_NA_01"
"CH_Brunner_Max_1893__1","NT_LE-LH_T3_NA_01"
"CH_Brunner_Toni_1974__1","NT_LE-LH_T3_NA_01"
"CH_Brunschwig_Martine_1950__1","NT_LE-LH_T3_NA_01"
"CH_Bucher_Kurt_1898__1","NT_LE-LH_T3_NA_01"
"CH_Bucher_Kurt_1898__2","NT_LE-LH_T3_NA_01"
"CH_Bucher_Rudolf_1899__1","NT_LE-LH_T3_NA_01"
"CH_Buechel_Roland_1965__1","NT_LE-LH_T3_NA_01"
"CH_Buechi_Traugott_1907__1","NT_LE-LH_T3_NA_01"
"CH_Buechler_Jakob_1952__1","NT_LE-LH_T3_NA_01"
"CH_Buehler_Christian_1903__1","NT_LE-LH_T3_NA_01"
"CH_Buehler_Manfred_1979__1","NT_LE-LH_T3_NA_01"
"CH_Buehler_Rene_1905__1","NT_LE-LH_T3_NA_01"
"CH_Buehler_Robert_1902__1","NT_LE-LH_T3_NA_01"
"CH_Buehler_Robert_1902__2","NT_LE-LH_T3_NA_01"
"CH_Buehler_Robert_1928__1","NT_LE-UH_T3_NA_01"
"CH_Buehler_Rolf_1903__1","NT_LE-LH_T3_NA_01"
"CH_Buehler_Rolf_1903__2","NT_LE-LH_T3_NA_01"
"CH_Buehler_Simeon_1942__1","NT_LE-LH_T3_NA_01"
"CH_Buehlmann_Cecile_1949__1","NT_LE-LH_T3_NA_01"
"CH_Buehrer_Esther_1926__1","NT_LE-UH_T3_NA_01"
"CH_Buehrer_Gerold_1948__1","NT_LE-LH_T3_NA_01"
"CH_Buehrer_Julius_1890__1","NT_LE-UH_T3_NA_01"
"CH_Buerer_Kurt_1925__1","NT_LE-LH_T3_NA_01"
"CH_Buergi_Hermann_1946__30","NT_LE-UH_T3_NA_01"
"CH_Buergi_Jakob_1934__1","NT_LE-LH_T3_NA_01"
"CH_Buergi_Paul_1921__1","NT_LE-UH_T3_NA_01"
"CH_Buergi_Paul_1921__2","NT_LE-LH_T3_NA_01"
"CH_Buerki_Ernst_1882__1","NT_LE-LH_T3_NA_01"
"CH_Buettiker_Rolf_1950__1","NT_LE-UH_T3_NA_01"
"CH_Buettiker_Rolf_1950__2","NT_LE-LH_T3_NA_01"
"CH_Buffat_Michael_1979__1","NT_LE-LH_T3_NA_01"
"CH_Bugnon_Andre_1947__1","NT_LE-LH_T3_NA_01"
"CH_Bugnon_Fabienne_1959__1","NT_LE-LH_T3_NA_01"
"CH_Bulliard_Christine_1959__1","NT_LE-LH_T3_NA_01"
"CH_Bundi_Martin_1932__1","NT_LE-LH_T3_NA_01"
"CH_Burckhardt_Martin_1921__1","NT_LE-LH_T3_NA_01"
"CH_Burgdorfer_Paul_1903__1","NT_LE-LH_T3_NA_01"
"CH_Burgener_Thomas_1954__1","NT_LE-LH_T3_NA_01"
"CH_Burgherr_Thomas_1962__1","NT_LE-LH_T3_NA_01"
"CH_Buri_Dewet_1901__1","NT_LE-UH_T3_NA_01"
"CH_Buri_Dewet_1901__2","NT_LE-LH_T3_NA_01"
"CH_Burkart_Thierry_1975__1","NT_LE-LH_T3_NA_01"
"CH_Burkhalter_Didier_1960__1","NT_LE-UH_T3_NA_01"
"CH_Burkhalter_Didier_1960__2","NT_LE-LH_T3_NA_01"
"CH_Burren_Hans_1915__1","NT_LE-LH_T3_NA_01"
"CH_Burri_Ignaz_1872__1","NT_LE-LH_T3_NA_01"
"CH_Burrus_Henry_1882__1","NT_LE-LH_T3_NA_01"
"CH_Bussey_Alfred_1915__1","NT_LE-LH_T3_NA_01"
"CH_Bustelli_Guido_1905__1","NT_LE-LH_T3_NA_01"
"CH_Buttet_Yannick_1977__1","NT_LE-LH_T3_NA_01"
"CH_Butty_Laurent_1925__1","NT_LE-LH_T3_NA_01"
"CH_Caccia_Fulvio_1942__1","NT_LE-LH_T3_NA_01"
"CH_Cadruvi_Donat_1923__1","NT_LE-LH_T3_NA_01"
"CH_Calame_Andre_1898__1","NT_LE-LH_T3_NA_01"
"CH_Camenzind_Margrit_1939__1","NT_LE-LH_T3_NA_01"
"CH_Campell_Duri_1963__1","NT_LE-LH_T3_NA_01"
"CH_Camponovo_Geo_1937__1","NT_LE-LH_T3_NA_01"
"CH_Candaux_Pierre_1922__1","NT_LE-LH_T3_NA_01"
"CH_Candinas_Martin_1980__1","NT_LE-LH_T3_NA_01"
"CH_Canonica_Ezio_1922__1","NT_LE-LH_T3_NA_01"
"CH_Cantieni_Toni_1928__1","NT_LE-LH_T3_NA_01"
"CH_Carnat_Nicolas_1934__1","NT_LE-UH_T3_NA_01"
"CH_Carobbio_Marina_1966__1","NT_LE-LH_T3_NA_01"
"CH_Carobbio_Werner_1936__1","NT_LE-LH_T3_NA_01"
"CH_Caroni_Andrea_1980__1","NT_LE-UH_T3_NA_01"
"CH_Caroni_Andrea_1980__2","NT_LE-LH_T3_NA_01"
"CH_Caroni_Arrigo_1903__1","NT_LE-LH_T3_NA_01"
"CH_Carron_Henri_1886__1","NT_LE-LH_T3_NA_01"
"CH_Carruzzo_Felix_1925__1","NT_LE-LH_T3_NA_01"
"CH_Caspar_Elisabeth_1949__1","NT_LE-LH_T3_NA_01"
"CH_Cassis_Ignazio_1961__1","NT_LE-LH_T3_NA_01"
"CH_Cathomas_Sep_1945__1","NT_LE-LH_T3_NA_01"
"CH_Cattaneo_Rocco_1958__1","NT_LE-LH_T3_NA_01"
"CH_Cavadini_Adriano_1942__1","NT_LE-LH_T3_NA_01"
"CH_Cavadini_Jean_1936__1","NT_LE-UH_T3_NA_01"
"CH_Cavadini_Jean_1936__2","NT_LE-LH_T3_NA_01"
"CH_Cavalli_Franco_1942__1","NT_LE-LH_T3_NA_01"
"CH_Cavelty_Luregn_1935__1","NT_LE-UH_T3_NA_01"
"CH_Cavelty_Luregn_1935__2","NT_LE-LH_T3_NA_01"
"CH_Caviezel_Tarzisius_1954__1","NT_LE-LH_T3_NA_01"
"CH_Celio_Nello_1914__1","NT_LE-LH_T3_NA_01"
"CH_Cevey_Jean_1928__1","NT_LE-LH_T3_NA_01"
"CH_Chamorel_Jacques_1901__1","NT_LE-LH_T3_NA_01"
"CH_Chappuis_Liliane_1955__1","NT_LE-LH_T3_NA_01"
"CH_Chappuis_Liliane_1955__2","NT_LE-LH_T3_NA_01"
"CH_Chassot_Charles_1885__1","NT_LE-LH_T3_NA_01"
"CH_Chassot_Charles_1885__2","NT_LE-LH_T3_NA_01"
"CH_Chassot_Charles_1885__3","NT_LE-LH_T3_NA_01"
"CH_Chaudet_Paul_1904__1","NT_LE-LH_T3_NA_01"
"CH_Chavanne_Andre_1916__1","NT_LE-LH_T3_NA_01"
"CH_Chevallaz_Georges_1915__1","NT_LE-LH_T3_NA_01"
"CH_Chevallaz_Olivier_1946__1","NT_LE-LH_T3_NA_01"
"CH_Chevalley_Isabelle_1972__1","NT_LE-LH_T3_NA_01"
"CH_Chevalley_Samuel_1903__1","NT_LE-LH_T3_NA_01"
"CH_Chevrier_Maurice_1961__1","NT_LE-LH_T3_NA_01"
"CH_Chiesa_Marco_1974__1","NT_LE-LH_T3_NA_01"
"CH_Chiffelle_Pierre_1957__1","NT_LE-LH_T3_NA_01"
"CH_Choisy_Eric_1897__1","NT_LE-UH_T3_NA_01"
"CH_Chopard_Max_1929__1","NT_LE-LH_T3_NA_01"
"CH_Chopard_Max_1966__1","NT_LE-LH_T3_NA_01"
"CH_Christen_Werner_1895__1","NT_LE-UH_T3_NA_01"
"CH_Christen_Yves_1941__1","NT_LE-LH_T3_NA_01"
"CH_Christinat_Amelia_1926__1","NT_LE-LH_T3_NA_01"
"CH_Cina_Jean_1963__1","NT_LE-LH_T3_NA_01"
"CH_Cincera_Ernst_1928__1","NT_LE-LH_T3_NA_01"
"CH_Clausen_Alfred_1877__1","NT_LE-UH_T3_NA_01"
"CH_Clavadetscher_Christian_1897__1","NT_LE-UH_T3_NA_01"
"CH_Clavadetscher_Christian_1897__2","NT_LE-LH_T3_NA_01"
"CH_Clerc_Blaise_1911__1","NT_LE-UH_T3_NA_01"
"CH_Clivaz_Jean_1925__1","NT_LE-LH_T3_NA_01"
"CH_Clottu_Gaston_1912__1","NT_LE-LH_T3_NA_01"
"CH_Clottu_Raymond_1967__1","NT_LE-LH_T3_NA_01"
"CH_Colliard_Robert_1887__1","NT_LE-LH_T3_NA_01"
"CH_Colliard_Robert_1887__2","NT_LE-LH_T3_NA_01"
"CH_Columberg_Dumeni_1941__1","NT_LE-LH_T3_NA_01"
"CH_Comby_Bernard_1939__1","NT_LE-LH_T3_NA_01"
"CH_Comte_Raphael_1979__1","NT_LE-UH_T3_NA_01"
"CH_Condrau_Gion_1919__1","NT_LE-LH_T3_NA_01"
"CH_Condrau_Joseph_1894__1","NT_LE-LH_T3_NA_01"
"CH_Conzett_Hans_1915__1","NT_LE-LH_T3_NA_01"
"CH_Copt_Aloys_1923__1","NT_LE-LH_T3_NA_01"
"CH_Corbat_Fernand_1925__1","NT_LE-LH_T3_NA_01"
"CH_Cornaz_Stefan_1944__1","NT_LE-LH_T3_NA_01"
"CH_Cornu_Jean_1956__1","NT_LE-UH_T3_NA_01"
"CH_Cossy_Maurice_1920__1","NT_LE-LH_T3_NA_01"
"CH_Cossy_Maurice_1920__2","NT_LE-LH_T3_NA_01"
"CH_Cottet_Joseph_1923__1","NT_LE-LH_T3_NA_01"
"CH_Cotti_Flavio_1939__1","NT_LE-LH_T3_NA_01"
"CH_Cotti_Gianfranco_1929__1","NT_LE-LH_T3_NA_01"
"CH_Cottier_Anton_1943__1","NT_LE-UH_T3_NA_01"
"CH_Cottier_Fernand_1901__1","NT_LE-LH_T3_NA_01"
"CH_Cottier_Henry_1897__1","NT_LE-LH_T3_NA_01"
"CH_Couchepin_Pascal_1942__1","NT_LE-LH_T3_NA_01"
"CH_Coutau_Gilbert_1936__1","NT_LE-UH_T3_NA_01"
"CH_Coutau_Gilbert_1936__2","NT_LE-LH_T3_NA_01"
"CH_Cramer_Robert_1954__1","NT_LE-UH_T3_NA_01"
"CH_Crevoisier_Jean_1938__1","NT_LE-LH_T3_NA_01"
"CH_Crittin_Camille_1888__1","NT_LE-LH_T3_NA_01"
"CH_Crottaz_Brigitte_1957__1","NT_LE-LH_T3_NA_01"
"CH_Cuche_Fernand_1946__1","NT_LE-LH_T3_NA_01"
"CH_Daepp_Susanna_1938__1","NT_LE-LH_T3_NA_01"
"CH_Dafflon_Roger_1914__1","NT_LE-LH_T3_NA_01"
"CH_Daguet_Andre_1947__1","NT_LE-LH_T3_NA_01"
"CH_Danioth_Hans_1931__1","NT_LE-UH_T3_NA_01"
"CH_Danioth_Ludwig_1902__1","NT_LE-UH_T3_NA_01"
"CH_Danuser_Menga_1951__1","NT_LE-LH_T3_NA_01"
"CH_Darbellay_Christophe_1971__1","NT_LE-LH_T3_NA_01"
"CH_Darbellay_Vital_1929__1","NT_LE-LH_T3_NA_01"
"CH_Darms_Gion_1896__1","NT_LE-UH_T3_NA_01"
"CH_David_Eugen_1945__1","NT_LE-UH_T3_NA_01"
"CH_David_Eugen_1945__2","NT_LE-LH_T3_NA_01"
"CH_Debetaz_Edouard_1917__1","NT_LE-UH_T3_NA_01"
"CH_Debetaz_Edouard_1917__16","NT_LE-LH_T3_NA_01"
"CH_Debons_Gilbert_1938__1","NT_LE-LH_T3_NA_01"
"CH_deBourgknecht_Jean_1934__1","NT_LE-UH_T3_NA_01"
"CH_deBuman_Dominique_1956__1","NT_LE-LH_T3_NA_01"
"CH_deCapitani_Silvio_1925__1","NT_LE-LH_T3_NA_01"
"CH_deChastonay_Pierre_1931__1","NT_LE-LH_T3_NA_01"
"CH_deCoulon_Marcel_1882__1","NT_LE-UH_T3_NA_01"
"CH_deCoulon_Sydney_1889__1","NT_LE-UH_T3_NA_01"
"CH_deCoulon_Sydney_1889__2","NT_LE-LH_T3_NA_01"
"CH_deCourten_Paul_1899__1","NT_LE-LH_T3_NA_01"
"CH_deCourten_Paul_1899__2","NT_LE-LH_T3_NA_01"
"CH_deCourten_Paul_1899__3","NT_LE-LH_T3_NA_01"
"CH_deCourten_Thomas_1966__1","NT_LE-LH_T3_NA_01"
"CH_Decurtins_Walter_1938__1","NT_LE-LH_T3_NA_01"
"CH_deDardel_Jean_1943__1","NT_LE-LH_T3_NA_01"
"CH_Degen_Walter_1904__1","NT_LE-LH_T3_NA_01"
"CH_Degen_Walter_1904__2","NT_LE-LH_T3_NA_01"
"CH_Deglise_Elisabeth_1931__1","NT_LE-LH_T3_NA_01"
"CH_Deiss_Joseph_1946__1","NT_LE-LH_T3_NA_01"
"CH_Delalay_Edouard_1936__1","NT_LE-UH_T3_NA_01"
"CH_Delamuraz_Jean_1936__1","NT_LE-LH_T3_NA_01"
"CH_delaReussille_Denis_1960__1","NT_LE-LH_T3_NA_01"
"CH_Dellberg_Karl_1886__1","NT_LE-LH_T3_NA_01"
"CH_Dellberg_Karl_1886__2","NT_LE-LH_T3_NA_01"
"CH_Deneys_Heidi_1937__1","NT_LE-LH_T3_NA_01"
"CH_Deonna_Raymond_1910__1","NT_LE-LH_T3_NA_01"
"CH_Deonna_Raymond_1910__2","NT_LE-LH_T3_NA_01"
"CH_Derder_Fathi_1970__1","NT_LE-LH_T3_NA_01"
"CH_deSenarclens_Aymon_1905__1","NT_LE-LH_T3_NA_01"
"CH_Despland_Gabriel_1901__1","NT_LE-UH_T3_NA_01"
"CH_Despland_Gabriel_1901__2","NT_LE-UH_T3_NA_01"
"CH_Despland_Gabriel_1901__3","NT_LE-LH_T3_NA_01"
"CH_Dettling_Marcel_1981__1","NT_LE-LH_T3_NA_01"
"CH_Dettling_Toni_1943__1","NT_LE-UH_T3_NA_01"
"CH_Dettling_Toni_1943__2","NT_LE-LH_T3_NA_01"
"CH_Devenoge_Francois_1899__1","NT_LE-LH_T3_NA_01"
"CH_Diener_Verena_1949__1","NT_LE-UH_T3_NA_01"
"CH_Diener_Verena_1949__2","NT_LE-LH_T3_NA_01"
"CH_Diener_Verena_1949__3","NT_LE-LH_T3_NA_01"
"CH_Diethelm_Josef_1914__1","NT_LE-LH_T3_NA_01"
"CH_Dietrich_Franz_1928__1","NT_LE-LH_T3_NA_01"
"CH_Dietschi_Eugen_1896__1","NT_LE-UH_T3_NA_01"
"CH_Dietschi_Eugen_1896__2","NT_LE-LH_T3_NA_01"
"CH_Dietschi_Urs_1901__1","NT_LE-LH_T3_NA_01"
"CH_Dillier_Jost_1921__1","NT_LE-UH_T3_NA_01"
"CH_Dirren_Herbert_1941__1","NT_LE-LH_T3_NA_01"
"CH_Dittli_Josef_1957__1","NT_LE-UH_T3_NA_01"
"CH_Dobler_Alois_1929__1","NT_LE-UH_T3_NA_01"
"CH_Dobler_Karl_1903__1","NT_LE-UH_T3_NA_01"
"CH_Dobler_Marcel_1980__1","NT_LE-LH_T3_NA_01"
"CH_Donati_Franco_1932__1","NT_LE-LH_T3_NA_01"
"CH_Donze_Walter_1946__1","NT_LE-LH_T3_NA_01"
"CH_Donze_Willy_1916__7","NT_LE-UH_T3_NA_01"
"CH_Dormann_Rosmarie_1947__1","NT_LE-LH_T3_NA_01"
"CH_Dormond_Marlyse_1949__1","NT_LE-LH_T3_NA_01"
"CH_Doswald_Adolf_1894__1","NT_LE-LH_T3_NA_01"
"CH_Dreher_Michael_1944__1","NT_LE-LH_T3_NA_01"
"CH_Dreyer_Pierre_1924__1","NT_LE-UH_T3_NA_01"
"CH_Droz_Armand_1903__1","NT_LE-LH_T3_NA_01"
"CH_Dubois_Jean_1917__1","NT_LE-LH_T3_NA_01"
"CH_Dubois_Marcel_1928__1","NT_LE-LH_T3_NA_01"
"CH_Dubois_Marcel_1928__15","NT_LE-LH_T3_NA_01"
"CH_Duboule_Gilbert_1925__1","NT_LE-LH_T3_NA_01"
"CH_Ducret_Dominique_1943__1","NT_LE-LH_T3_NA_01"
"CH_Ducret_Robert_1927__1","NT_LE-UH_T3_NA_01"
"CH_Ducrot_Rose_1937__1","NT_LE-LH_T3_NA_01"
"CH_Dueby_Hans_1906__1","NT_LE-LH_T3_NA_01"
"CH_Dueby_Kurt_1900__1","NT_LE-LH_T3_NA_01"
"CH_Dueby_Kurt_1900__2","NT_LE-LH_T3_NA_01"
"CH_Duenki_Max_1932__1","NT_LE-LH_T3_NA_01"
"CH_Duerr_Andreas_1923__1","NT_LE-LH_T3_NA_01"
"CH_Duerrenmatt_Peter_1904__1","NT_LE-LH_T3_NA_01"
"CH_Duft_Emil_1895__1","NT_LE-LH_T3_NA_01"
"CH_Dunant_Jean_1934__1","NT_LE-LH_T3_NA_01"
"CH_Dupont_Bernard_1933__1","NT_LE-LH_T3_NA_01"
"CH_Dupraz_John_1945__1","NT_LE-LH_T3_NA_01"
"CH_Durrer_Adalbert_1950__1","NT_LE-LH_T3_NA_01"
"CH_Duss_Josef_1900__1","NT_LE-LH_T3_NA_01"
"CH_Duttweiler_Gottlieb_1888__1","NT_LE-UH_T3_NA_01"
"CH_Duttweiler_Gottlieb_1888__2","NT_LE-LH_T3_NA_01"
"CH_Duttweiler_Gottlieb_1888__3","NT_LE-LH_T3_NA_01"
"CH_Duttweiler_Gottlieb_1888__4","NT_LE-LH_T3_NA_01"
"CH_Duvanel_Pierre_1912__1","NT_LE-LH_T3_NA_01"
"CH_Duvoisin_Pierre_1938__1","NT_LE-LH_T3_NA_01"
"CH_Duvoisin_Pierre_1938__2","NT_LE-LH_T3_NA_01"
"CH_Eberhard_Anton_1949__13","NT_LE-LH_T3_NA_01"
"CH_Eberhard_Barbara_1945__1","NT_LE-LH_T3_NA_01"
"CH_Eberle_Roland_1953__1","NT_LE-UH_T3_NA_01"
"CH_Eder_Carl_1892__1","NT_LE-LH_T3_NA_01"
"CH_Eder_Joachim_1951__1","NT_LE-UH_T3_NA_01"
"CH_Egerszegi_Christine_1948__1","NT_LE-UH_T3_NA_01"
"CH_Egerszegi_Christine_1948__2","NT_LE-LH_T3_NA_01"
"CH_Eggenberg_Ernst_1931__1","NT_LE-LH_T3_NA_01"
"CH_Eggenberger_Christian_1894__1","NT_LE-LH_T3_NA_01"
"CH_Eggenberger_Georges_1928__1","NT_LE-LH_T3_NA_01"
"CH_Eggenberger_Mathias_1905__1","NT_LE-UH_T3_NA_01"
"CH_Eggenberger_Mathias_1905__2","NT_LE-LH_T3_NA_01"
"CH_Eggenberger_Ulrich_1882__1","NT_LE-LH_T3_NA_01"
"CH_Eggenberger_Ulrich_1882__2","NT_LE-LH_T3_NA_01"
"CH_Egger_Esther_1952__1","NT_LE-LH_T3_NA_01"
"CH_Egger_Franz_1899__1","NT_LE-LH_T3_NA_01"
"CH_Egger_Mike_1992__1","NT_LE-LH_T3_NA_01"
"CH_Egger_Thomas_1967__1","NT_LE-LH_T3_NA_01"
"CH_Egger_Walter_1895__1","NT_LE-LH_T3_NA_01"
"CH_Eggli_Albert_1932__1","NT_LE-LH_T3_NA_01"
"CH_Eggly_Jacques_1942__1","NT_LE-LH_T3_NA_01"
"CH_Egli_Alphons_1924__1","NT_LE-UH_T3_NA_01"
"CH_Egli_Gotthard_1884__1","NT_LE-UH_T3_NA_01"
"CH_Egli_Joseph_1923__1","NT_LE-LH_T3_NA_01"
"CH_Egloff_Hans_1959__1","NT_LE-LH_T3_NA_01"
"CH_Ehrler_Melchior_1948__1","NT_LE-LH_T3_NA_01"
"CH_Eibel_Robert_1906__1","NT_LE-LH_T3_NA_01"
"CH_Eichenberger_Corina_1954__1","NT_LE-LH_T3_NA_01"
"CH_Eisenring_Paul_1924__1","NT_LE-LH_T3_NA_01"
"CH_Eisenring_Theodor_1898__1","NT_LE-LH_T3_NA_01"
"CH_Eng_Franz_1928__1","NT_LE-LH_T3_NA_01"
"CH_Engelberger_Eduard_1940__1","NT_LE-LH_T3_NA_01"
"CH_Engler_Rolf_1951__1","NT_LE-LH_T3_NA_01"
"CH_Engler_Stefan_1960__1","NT_LE-UH_T3_NA_01"
"CH_Epiney_Simon_1950__1","NT_LE-UH_T3_NA_01"
"CH_Epiney_Simon_1950__2","NT_LE-LH_T3_NA_01"
"CH_Eppenberger_Susi_1931__1","NT_LE-LH_T3_NA_01"
"CH_Escher_Josef_1885__1","NT_LE-LH_T3_NA_01"
"CH_Escher_Josef_1885__2","NT_LE-LH_T3_NA_01"
"CH_Escher_Rolf_1941__1","NT_LE-UH_T3_NA_01"
"CH_Estermann_Heinrich_1948__1","NT_LE-LH_T3_NA_01"
"CH_Estermann_Yvette_1967__1","NT_LE-LH_T3_NA_01"
"CH_Etique_Pierre_1945__1","NT_LE-LH_T3_NA_01"
"CH_Etter_Rudolf_1914__1","NT_LE-LH_T3_NA_01"
"CH_Ettlin_Erich_1962__1","NT_LE-UH_T3_NA_01"
"CH_Eugster_Gallus_1894__1","NT_LE-LH_T3_NA_01"
"CH_Euler_Alexander_1929__1","NT_LE-LH_T3_NA_01"
"CH_Eymann_Christoph_1951__1","NT_LE-LH_T3_NA_01"
"CH_Eymann_Christoph_1951__2","NT_LE-LH_T3_NA_01"
"CH_Eymann_Fritz_1880__1","NT_LE-UH_T3_NA_01"
"CH_Eymann_Fritz_1880__2","NT_LE-LH_T3_NA_01"
"CH_Faeh_Paul_1937__1","NT_LE-LH_T3_NA_01"
"CH_Faessler_Daniel_1960__1","NT_LE-LH_T3_NA_01"
"CH_Faessler_Daniel_1960__37","NT_LE-UH_T3_NA_01"
"CH_Faessler_Hildegard_1951__1","NT_LE-LH_T3_NA_01"
"CH_Fankhauser_Angeline_1936__1","NT_LE-LH_T3_NA_01"
"CH_Farner_Hermann_1885__1","NT_LE-LH_T3_NA_01"
"CH_Fasel_Hugo_1955__1","NT_LE-LH_T3_NA_01"
"CH_Fattebert_Jean_1942__1","NT_LE-LH_T3_NA_01"
"CH_Fauquex_Frederic_1898__1","NT_LE-UH_T3_NA_01"
"CH_Fauquex_Frederic_1898__2","NT_LE-LH_T3_NA_01"
"CH_Favre_Adrien_1905__1","NT_LE-LH_T3_NA_01"
"CH_Favre_Antoine_1897__1","NT_LE-LH_T3_NA_01"
"CH_Favre_Charles_1957__1","NT_LE-LH_T3_NA_01"
"CH_Favre_Laurent_1972__1","NT_LE-LH_T3_NA_01"
"CH_Fawer_Albert_1892__1","NT_LE-LH_T3_NA_01"
"CH_Fehlmann_Laurence_1955__1","NT_LE-LH_T3_NA_01"
"CH_Fehr_Hans_1947__1","NT_LE-LH_T3_NA_01"
"CH_Fehr_Hans_1948__1","NT_LE-LH_T3_NA_01"
"CH_Fehr_Hermann_1941__1","NT_LE-LH_T3_NA_01"
"CH_Fehr_Jacqueline_1963__1","NT_LE-LH_T3_NA_01"
"CH_Fehr_Lisbeth_1938__1","NT_LE-LH_T3_NA_01"
"CH_Fehr_Mario_1958__1","NT_LE-LH_T3_NA_01"
"CH_Feigenwinter_Hans_1937__1","NT_LE-LH_T3_NA_01"
"CH_Felber_Rene_1933__1","NT_LE-LH_T3_NA_01"
"CH_Feldmann_Markus_1897__1","NT_LE-LH_T3_NA_01"
"CH_Feldmann_Markus_1897__2","NT_LE-LH_T3_NA_01"
"CH_Feller_Olivier_1974__1","NT_LE-LH_T3_NA_01"
"CH_Fenk_Jakob_1879__1","NT_LE-LH_T3_NA_01"
"CH_Feri_Yvonne_1966__1","NT_LE-LH_T3_NA_01"
"CH_Fetz_Anita_1957__1","NT_LE-UH_T3_NA_01"
"CH_Fetz_Anita_1957__2","NT_LE-LH_T3_NA_01"
"CH_Fetz_Anita_1957__3","NT_LE-LH_T3_NA_01"
"CH_Fiala_Doris_1957__1","NT_LE-LH_T3_NA_01"
"CH_Fierz_Lukas_1941__1","NT_LE-LH_T3_NA_01"
"CH_Filliez_Jean_1945__1","NT_LE-LH_T3_NA_01"
"CH_Fischer_Hans_1901__1","NT_LE-LH_T3_NA_01"
"CH_Fischer_Hanspeter_1930__1","NT_LE-LH_T3_NA_01"
"CH_Fischer_Josef_1924__1","NT_LE-LH_T3_NA_01"
"CH_Fischer_Leonz_1874__1","NT_LE-LH_T3_NA_01"
"CH_Fischer_Otto_1915__1","NT_LE-LH_T3_NA_01"
"CH_Fischer_Roland_1965__1","NT_LE-LH_T3_NA_01"
"CH_Fischer_Theo_1930__1","NT_LE-LH_T3_NA_01"
"CH_Fischer_Theo_1937__1","NT_LE-LH_T3_NA_01"
"CH_Fischer_Ulrich_1940__1","NT_LE-LH_T3_NA_01"
"CH_Flach_Beat_1965__1","NT_LE-LH_T3_NA_01"
"CH_Flepp_Leonhard_1923__1","NT_LE-LH_T3_NA_01"
"CH_Flisch_Peter_1886__1","NT_LE-LH_T3_NA_01"
"CH_Florio_Marguerite_1944__1","NT_LE-LH_T3_NA_01"
"CH_Flubacher_Karl_1921__1","NT_LE-LH_T3_NA_01"
"CH_Flueck_Peter_1957__1","NT_LE-LH_T3_NA_01"
"CH_Flueckiger_Ernst_1889__1","NT_LE-LH_T3_NA_01"
"CH_Flueckiger_Ernst_1889__2","NT_LE-LH_T3_NA_01"
"CH_Flueckiger_Michel_1940__1","NT_LE-UH_T3_NA_01"
"CH_Flueckiger_Sylvia_1952__1","NT_LE-LH_T3_NA_01"
"CH_Fluekiger_Ernst_1884__1","NT_LE-UH_T3_NA_01"
"CH_Fluri_Kurt_1955__1","NT_LE-LH_T3_NA_01"
"CH_Foehn_Peter_1952__1","NT_LE-UH_T3_NA_01"
"CH_Foehn_Peter_1952__2","NT_LE-LH_T3_NA_01"
"CH_Fontanet_Guy_1927__1","NT_LE-LH_T3_NA_01"
"CH_Forel_Armand_1920__1","NT_LE-LH_T3_NA_01"
"CH_Forel_Armand_1920__2","NT_LE-LH_T3_NA_01"
"CH_Forster_Erika_1944__1","NT_LE-UH_T3_NA_01"
"CH_Fournier_Jean_1957__1","NT_LE-UH_T3_NA_01"
"CH_Fraefel_Thomas_1923__1","NT_LE-LH_T3_NA_01"
"CH_Frainier_Hubert_1952__1","NT_LE-LH_T3_NA_01"
"CH_Frainier_Paul_1910__1","NT_LE-LH_T3_NA_01"
"CH_Frainier_Paul_1910__2","NT_LE-LH_T3_NA_01"
"CH_Francais_Olivier_1955__1","NT_LE-UH_T3_NA_01"
"CH_Francais_Olivier_1955__2","NT_LE-LH_T3_NA_01"
"CH_Franzoni_Enrico_1920__1","NT_LE-LH_T3_NA_01"
"CH_Frehner_Sebastian_1973__1","NT_LE-LH_T3_NA_01"
"CH_Frei_Daniel_1974__1","NT_LE-LH_T3_NA_01"
"CH_Frei_Emil_1897__1","NT_LE-LH_T3_NA_01"
"CH_Frei_Hans_1923__1","NT_LE-LH_T3_NA_01"
"CH_Freiburghaus_Erwin_1914__1","NT_LE-LH_T3_NA_01"
"CH_Freimueller_Eduard_1898__1","NT_LE-LH_T3_NA_01"
"CH_Freitag_Pankraz_1952__1","NT_LE-UH_T3_NA_01"
"CH_Freund_Jakob_1946__1","NT_LE-LH_T3_NA_01"
"CH_Frey_Claude_1943__1","NT_LE-LH_T3_NA_01"
"CH_Frey_Tilo_1923__1","NT_LE-LH_T3_NA_01"
"CH_Frey_Walter_1943__1","NT_LE-LH_T3_NA_01"
"CH_Freymond_Pierre_1921__1","NT_LE-LH_T3_NA_01"
"CH_Freysinger_Oskar_1960__1","NT_LE-LH_T3_NA_01"
"CH_Frick_Bruno_1953__1","NT_LE-UH_T3_NA_01"
"CH_Frick_Simon_1914__1","NT_LE-LH_T3_NA_01"
"CH_Fricker_Hans_1879__1","NT_LE-UH_T3_NA_01"
"CH_Fricker_Hans_1879__2","NT_LE-LH_T3_NA_01"
"CH_Fricker_Jonas_1977__1","NT_LE-LH_T3_NA_01"
"CH_Friderici_Charles_1946__1","NT_LE-LH_T3_NA_01"
"CH_Fridez_Pierre_1957__1","NT_LE-LH_T3_NA_01"
"CH_Friedl_Claudia_1960__1","NT_LE-LH_T3_NA_01"
"CH_Friedli_Valentine_1929__1","NT_LE-LH_T3_NA_01"
"CH_Friedrich_Rudolf_1923__1","NT_LE-LH_T3_NA_01"
"CH_Fritschi_Oscar_1939__1","NT_LE-LH_T3_NA_01"
"CH_Froehlich_Paul_1895__1","NT_LE-LH_T3_NA_01"
"CH_Froesch_Therese_1951__1","NT_LE-LH_T3_NA_01"
"CH_Frueh_Hans_1936__1","NT_LE-LH_T3_NA_01"
"CH_Fuchs_Hans_1911__1","NT_LE-LH_T3_NA_01"
"CH_Fuchs_Thomas_1966__1","NT_LE-LH_T3_NA_01"
"CH_Fueeg_Cornelia_1941__1","NT_LE-LH_T3_NA_01"
"CH_Fueglistaller_Lieni_1951__1","NT_LE-LH_T3_NA_01"
"CH_Fuenfschilling_Hans_1940__1","NT_LE-UH_T3_NA_01"
"CH_Furgler_Kurt_1924__1","NT_LE-LH_T3_NA_01"
"CH_Furrer_Adolf_1897__1","NT_LE-LH_T3_NA_01"
"CH_Gabathuler_Johann_1883__1","NT_LE-LH_T3_NA_01"
"CH_Gabathuler_Johann_1883__2","NT_LE-LH_T3_NA_01"
"CH_Gabathuler_Johann_1883__3","NT_LE-LH_T3_NA_01"
"CH_Gadient_Andreas_1892__1","NT_LE-LH_T3_NA_01"
"CH_Gadient_Brigitta_1960__1","NT_LE-LH_T3_NA_01"
"CH_Gadient_Ulrich_1931__1","NT_LE-UH_T3_NA_01"
"CH_Gadient_Ulrich_1931__2","NT_LE-LH_T3_NA_01"
"CH_Gallade_Chantal_1972__1","NT_LE-LH_T3_NA_01"
"CH_Galli_Brenno_1910__1","NT_LE-LH_T3_NA_01"
"CH_Galli_Remo_1943__1","NT_LE-LH_T3_NA_01"
"CH_Gamma_Raymund_1919__1","NT_LE-LH_T3_NA_01"
"CH_Ganz_Fritz_1916__1","NT_LE-LH_T3_NA_01"
"CH_Garbani_Valerie_1966__1","NT_LE-LH_T3_NA_01"
"CH_Gardiol_Irene_1937__1","NT_LE-LH_T3_NA_01"
"CH_Gasche_Urs_1955__1","NT_LE-LH_T3_NA_01"
"CH_Gasche_Urs_1955__2","NT_LE-LH_T3_NA_01"
"CH_Gasser_Alfred_1904__1","NT_LE-LH_T3_NA_01"
"CH_Gasser_Hans_1902__1","NT_LE-LH_T3_NA_01"
"CH_Gasser_Josias_1952__1","NT_LE-LH_T3_NA_01"
"CH_Gassmann_Pierre_1932__1","NT_LE-UH_T3_NA_01"
"CH_Gassmann_Pierre_1932__2","NT_LE-LH_T3_NA_01"
"CH_Gautier_Andre_1924__1","NT_LE-UH_T3_NA_01"
"CH_Gautier_Andre_1924__2","NT_LE-LH_T3_NA_01"
"CH_Gautier_Victor_1891__1","NT_LE-UH_T3_NA_01"
"CH_Gehler_Jean_1951__1","NT_LE-LH_T3_NA_01"
"CH_Gehler_Paul_1921__1","NT_LE-LH_T3_NA_01"
"CH_Gehrig_Alfred_1912__1","NT_LE-LH_T3_NA_01"
"CH_Geiser_Barbara_1948__1","NT_LE-LH_T3_NA_01"
"CH_Geiser_Henri_1901__1","NT_LE-LH_T3_NA_01"
"CH_Geissbuehler_Andrea_1976__1","NT_LE-LH_T3_NA_01"
"CH_Geissbuehler_Fritz_1904__1","NT_LE-LH_T3_NA_01"
"CH_Geissbuehler_Gottlieb_1925__1","NT_LE-LH_T3_NA_01"
"CH_Geissbuehler_Karl_1897__1","NT_LE-LH_T3_NA_01"
"CH_Geissbuehler_Karl_1897__2","NT_LE-LH_T3_NA_01"
"CH_Gemperli_Albert_1893__1","NT_LE-LH_T3_NA_01"
"CH_Gemperli_Paul_1930__1","NT_LE-UH_T3_NA_01"
"CH_Gendotti_Gabriele_1954__1","NT_LE-LH_T3_NA_01"
"CH_Gendre_Henri_1900__1","NT_LE-LH_T3_NA_01"
"CH_Genecand_Benoit_1964__1","NT_LE-LH_T3_NA_01"
"CH_Generali_Luigi_1920__1","NT_LE-UH_T3_NA_01"
"CH_Generali_Luigi_1920__2","NT_LE-LH_T3_NA_01"
"CH_Genner_Ruth_1956__1","NT_LE-LH_T3_NA_01"
"CH_Genoud_Guy_1930__1","NT_LE-UH_T3_NA_01"
"CH_Genoud_Paul_1916__1","NT_LE-LH_T3_NA_01"
"CH_Gentil_Pierre_1952__1","NT_LE-UH_T3_NA_01"
"CH_Gerber_Peter_1923__1","NT_LE-UH_T3_NA_01"
"CH_Germanier_Francis_1909__1","NT_LE-LH_T3_NA_01"
"CH_Germanier_Francis_1909__2","NT_LE-LH_T3_NA_01"
"CH_Germanier_Jean_1958__1","NT_LE-LH_T3_NA_01"
"CH_Germann_Hannes_1956__1","NT_LE-UH_T3_NA_01"
"CH_Gerosa_Walter_1914__1","NT_LE-LH_T3_NA_01"
"CH_Gerwig_Andreas_1928__1","NT_LE-LH_T3_NA_01"
"CH_Gfeller_Arnold_1902__1","NT_LE-LH_T3_NA_01"
"CH_Gfeller_Arnold_1902__2","NT_LE-LH_T3_NA_01"
"CH_Gfeller_Hans_1897__1","NT_LE-LH_T3_NA_01"
"CH_Gianella_Ugo_1920__1","NT_LE-LH_T3_NA_01"
"CH_Giezendanner_Ulrich_1953__1","NT_LE-LH_T3_NA_01"
"CH_Giger_Titus_1932__1","NT_LE-LH_T3_NA_01"
"CH_Gilli_Yvonne_1957__1","NT_LE-LH_T3_NA_01"
"CH_Giovanoli_Fritz_1898__1","NT_LE-LH_T3_NA_01"
"CH_Giovanoli_Fritz_1898__2","NT_LE-LH_T3_NA_01"
"CH_Giovanoli_Fritz_1898__3","NT_LE-LH_T3_NA_01"
"CH_Girard_Gertrude_1913__1","NT_LE-LH_T3_NA_01"
"CH_Girard_Julien_1905__1","NT_LE-LH_T3_NA_01"
"CH_Girardin_Lise_1921__1","NT_LE-UH_T3_NA_01"
"CH_Girod_Bastien_1980__15","NT_LE-LH_T3_NA_01"
"CH_Giroud_Emile_1896__1","NT_LE-LH_T3_NA_01"
"CH_Giroud_Emile_1896__2","NT_LE-LH_T3_NA_01"
"CH_Gitermann_Valentin_1900__1","NT_LE-LH_T3_NA_01"
"CH_Giudici_Luciano_1938__1","NT_LE-LH_T3_NA_01"
"CH_Glaettli_Balthasar_1972__1","NT_LE-LH_T3_NA_01"
"CH_Glanzmann_Ida_1958__1","NT_LE-LH_T3_NA_01"
"CH_Glarner_Andreas_1962__1","NT_LE-LH_T3_NA_01"
"CH_Glarner_Jacques_1908__1","NT_LE-LH_T3_NA_01"
"CH_Glasson_Gerard_1918__1","NT_LE-LH_T3_NA_01"
"CH_Glasson_Jean_1949__1","NT_LE-LH_T3_NA_01"
"CH_Glasson_Pierre_1907__1","NT_LE-LH_T3_NA_01"
"CH_Glasson_Pierre_1907__2","NT_LE-LH_T3_NA_01"
"CH_Glatthard_Karl_1913__1","NT_LE-LH_T3_NA_01"
"CH_Glauser_Alice_1954__20","NT_LE-LH_T3_NA_01"
"CH_Glauser_Alice_1954__21","NT_LE-LH_T3_NA_01"
"CH_Gloor_Jean_1924__1","NT_LE-LH_T3_NA_01"
"CH_Gloor_Walter_1904__1","NT_LE-LH_T3_NA_01"
"CH_Glur_Walter_1943__1","NT_LE-LH_T3_NA_01"
"CH_Gmuer_Alois_1955__1","NT_LE-LH_T3_NA_01"
"CH_Gmuer_Andrea_1964__1","NT_LE-LH_T3_NA_01"
"CH_Gnaegi_Rudolf_1917__1","NT_LE-LH_T3_NA_01"
"CH_Gobbi_Norman_1977__1","NT_LE-LH_T3_NA_01"
"CH_Gobet_Alexis_1943__1","NT_LE-LH_T3_NA_01"
"CH_Goessi_Petra_1976__1","NT_LE-LH_T3_NA_01"
"CH_Goetsch_Ulrich_1925__1","NT_LE-LH_T3_NA_01"
"CH_Golay_Roger_1959__1","NT_LE-LH_T3_NA_01"
"CH_Goll_Christine_1956__1","NT_LE-LH_T3_NA_01"
"CH_Gonseth_Ruth_1943__1","NT_LE-LH_T3_NA_01"
"CH_Gottret_Jules_1865__1","NT_LE-LH_T3_NA_01"
"CH_Graber_Jean_1946__1","NT_LE-LH_T3_NA_01"
"CH_Graber_Jean_1946__2","NT_LE-LH_T3_NA_01"
"CH_Graber_Konrad_1958__1","NT_LE-UH_T3_NA_01"
"CH_Graber_Pierre_1908__1","NT_LE-LH_T3_NA_01"
"CH_Graber_Pierre_1908__2","NT_LE-LH_T3_NA_01"
"CH_Graber_Rolf_1951__1","NT_LE-LH_T3_NA_01"
"CH_Graedel_Adolphe_1902__1","NT_LE-LH_T3_NA_01"
"CH_Graf_Edith_1964__1","NT_LE-LH_T3_NA_01"
"CH_Graf_Emil_1890__1","NT_LE-LH_T3_NA_01"
"CH_Graf_Hans_1922__1","NT_LE-LH_T3_NA_01"
"CH_Graf_Hermann_1893__1","NT_LE-LH_T3_NA_01"
"CH_Graf_Konrad_1919__1","NT_LE-UH_T3_NA_01"
"CH_Graf_Maya_1962__1","NT_LE-LH_T3_NA_01"
"CH_Grandjean_Jules_1901__1","NT_LE-LH_T3_NA_01"
"CH_Grass_Josias_1915__1","NT_LE-LH_T3_NA_01"
"CH_Grassi_Mario_1929__1","NT_LE-LH_T3_NA_01"
"CH_Grendelmeier_Alois_1903__1","NT_LE-LH_T3_NA_01"
"CH_Grendelmeier_Verena_1939__1","NT_LE-LH_T3_NA_01"
"CH_Gressot_Jean_1896__1","NT_LE-LH_T3_NA_01"
"CH_Gressot_Jean_1896__2","NT_LE-LH_T3_NA_01"
"CH_Grimm_Robert_1881__1","NT_LE-LH_T3_NA_01"
"CH_Grimm_Robert_1881__2","NT_LE-LH_T3_NA_01"
"CH_Grin_Jean_1947__1","NT_LE-LH_T3_NA_01"
"CH_Grob_Ernst_1910__1","NT_LE-LH_T3_NA_01"
"CH_Grobet_Christian_1941__1","NT_LE-LH_T3_NA_01"
"CH_Grobet_Christian_1941__2","NT_LE-LH_T3_NA_01"
"CH_Grolimund_Josef_1909__1","NT_LE-LH_T3_NA_01"
"CH_Gros_Jean_1953__1","NT_LE-LH_T3_NA_01"
"CH_Grosjean_Carlos_1929__1","NT_LE-UH_T3_NA_01"
"CH_Gross_Andreas_1952__1","NT_LE-LH_T3_NA_01"
"CH_Gross_Jost_1946__1","NT_LE-LH_T3_NA_01"
"CH_Grossen_Juerg_1969__1","NT_LE-LH_T3_NA_01"
"CH_Grossenbacher_Ruth_1936__1","NT_LE-LH_T3_NA_01"
"CH_Gruenig_Peter_1923__1","NT_LE-LH_T3_NA_01"
"CH_Grueter_Franz_1963__1","NT_LE-LH_T3_NA_01"
"CH_Gruetter_Alfred_1907__1","NT_LE-LH_T3_NA_01"
"CH_Gruetter_Fritz_1901__1","NT_LE-LH_T3_NA_01"
"CH_Grunder_Hans_1956__1","NT_LE-LH_T3_NA_01"
"CH_Gschwind_Jean_1952__1","NT_LE-LH_T3_NA_01"
"CH_Guenter_Paul_1943__1","NT_LE-LH_T3_NA_01"
"CH_Guenter_Paul_1943__2","NT_LE-LH_T3_NA_01"
"CH_Gugerli_Ernst_1911__1","NT_LE-LH_T3_NA_01"
"CH_Gugger_Niklaus_1970__1","NT_LE-LH_T3_NA_01"
"CH_Guglielmetti_Giulio_1901__1","NT_LE-LH_T3_NA_01"
"CH_Guhl_Bernhard_1972__1","NT_LE-LH_T3_NA_01"
"CH_Guinand_Andre_1901__1","NT_LE-LH_T3_NA_01"
"CH_Guinand_Jean_1943__1","NT_LE-LH_T3_NA_01"
"CH_Guisan_Louis_1911__1","NT_LE-UH_T3_NA_01"
"CH_Guisan_Louis_1911__2","NT_LE-LH_T3_NA_01"
"CH_Guisan_Yves_1941__1","NT_LE-LH_T3_NA_01"
"CH_Guldimann_Tim_1950__1","NT_LE-LH_T3_NA_01"
"CH_Guntern_Leo_1894__1","NT_LE-UH_T3_NA_01"
"CH_Guntern_Odilo_1937__1","NT_LE-UH_T3_NA_01"
"CH_Gurtner_Barbara_1943__1","NT_LE-LH_T3_NA_01"
"CH_Gusset_Wilfried_1946__1","NT_LE-LH_T3_NA_01"
"CH_Gut_Theodor_1890__1","NT_LE-LH_T3_NA_01"
"CH_Gut_Theodor_1917__1","NT_LE-LH_T3_NA_01"
"CH_Gutjahr_Diana_1984__1","NT_LE-LH_T3_NA_01"
"CH_Gutknecht_Samuel_1889__1","NT_LE-LH_T3_NA_01"
"CH_Gutzwiller_Felix_1948__1","NT_LE-UH_T3_NA_01"
"CH_Gutzwiller_Felix_1948__2","NT_LE-LH_T3_NA_01"
"CH_Gwerder_Anton_1894__1","NT_LE-UH_T3_NA_01"
"CH_Gyr_Josy_1949__1","NT_LE-LH_T3_NA_01"
"CH_Gysi_Barbara_1964__1","NT_LE-LH_T3_NA_01"
"CH_Gysin_Hans_1940__1","NT_LE-LH_T3_NA_01"
"CH_Gysin_Remo_1945__1","NT_LE-LH_T3_NA_01"
"CH_Gysler_Paul_1893__1","NT_LE-LH_T3_NA_01"
"CH_Haab_Martin_1962__1","NT_LE-LH_T3_NA_01"
"CH_Hackhofer_Karl_1904__1","NT_LE-LH_T3_NA_01"
"CH_Hadorn_Philipp_1967__1","NT_LE-LH_T3_NA_01"
"CH_Haeberli_Brigitte_1958__1","NT_LE-UH_T3_NA_01"
"CH_Haeberli_Brigitte_1958__2","NT_LE-LH_T3_NA_01"
"CH_Haeberlin_Hermann_1894__1","NT_LE-LH_T3_NA_01"
"CH_Haefelin_Paul_1889__1","NT_LE-UH_T3_NA_01"
"CH_Haemmerle_Andrea_1946__1","NT_LE-LH_T3_NA_01"
"CH_Haenggi_Peter_1942__1","NT_LE-LH_T3_NA_01"
"CH_Haensenberger_Arthur_1927__1","NT_LE-UH_T3_NA_01"
"CH_Haering_Barbara_1953__1","NT_LE-LH_T3_NA_01"
"CH_Haesler_Christine_1963__1","NT_LE-LH_T3_NA_01"
"CH_Hafner_Rudolf_1951__1","NT_LE-LH_T3_NA_01"
"CH_Hafner_Ursula_1943__1","NT_LE-LH_T3_NA_01"
"CH_Hagmann_Walter_1921__1","NT_LE-LH_T3_NA_01"
"CH_Haller_Armin_1911__1","NT_LE-LH_T3_NA_01"
"CH_Haller_Ernst_1910__1","NT_LE-LH_T3_NA_01"
"CH_Haller_Gret_1947__1","NT_LE-LH_T3_NA_01"
"CH_Haller_Ursula_1948__1","NT_LE-LH_T3_NA_01"
"CH_Hany_Urs_1955__1","NT_LE-LH_T3_NA_01"
"CH_Hardegger_Thomas_1956__1","NT_LE-LH_T3_NA_01"
"CH_Harder_Josef_1926__1","NT_LE-LH_T3_NA_01"
"CH_Hari_Fritz_1928__1","NT_LE-LH_T3_NA_01"
"CH_Hasler_Ernst_1945__1","NT_LE-LH_T3_NA_01"
"CH_Hassler_Hansjoerg_1953__1","NT_LE-LH_T3_NA_01"
"CH_Hausammann_Markus_1964__1","NT_LE-LH_T3_NA_01"
"CH_Hauser_Paul_1898__1","NT_LE-LH_T3_NA_01"
"CH_Hayoz_Franz_1921__1","NT_LE-LH_T3_NA_01"
"CH_Heberlein_Trix_1942__1","NT_LE-UH_T3_NA_01"
"CH_Heberlein_Trix_1942__2","NT_LE-LH_T3_NA_01"
"CH_Heche_Claude_1952__1","NT_LE-UH_T3_NA_01"
"CH_Heer_Alfred_1917__1","NT_LE-LH_T3_NA_01"
"CH_Heer_Alfred_1961__1","NT_LE-LH_T3_NA_01"
"CH_Heer_Heinrich_1900__1","NT_LE-UH_T3_NA_01"
"CH_Hefti_Melchior_1879__1","NT_LE-UH_T3_NA_01"
"CH_Hefti_Peter_1922__1","NT_LE-UH_T3_NA_01"
"CH_Hefti_Thomas_1959__1","NT_LE-UH_T3_NA_01"
"CH_Hegetschweiler_Rolf_1937__1","NT_LE-LH_T3_NA_01"
"CH_Hegg_Jean_1930__1","NT_LE-LH_T3_NA_01"
"CH_Hegglin_Peter_1960__1","NT_LE-UH_T3_NA_01"
"CH_Heil_Anton_1920__1","NT_LE-LH_T3_NA_01"
"CH_Heim_Alex_1951__1","NT_LE-LH_T3_NA_01"
"CH_Heim_Bea_1946__1","NT_LE-LH_T3_NA_01"
"CH_Heimann_Albin_1914__1","NT_LE-UH_T3_NA_01"
"CH_Heinzer_Josef_1886__1","NT_LE-LH_T3_NA_01"
"CH_Helbling_Albert_1878__1","NT_LE-LH_T3_NA_01"
"CH_Held_Alfred_1886__1","NT_LE-LH_T3_NA_01"
"CH_Held_Alfred_1886__2","NT_LE-LH_T3_NA_01"
"CH_Held_Alfred_1886__3","NT_LE-LH_T3_NA_01"
"CH_Held_Alfred_1886__4","NT_LE-LH_T3_NA_01"
"CH_Henggeler_Josef_1889__1","NT_LE-LH_T3_NA_01"
"CH_Herczog_Andreas_1947__1","NT_LE-LH_T3_NA_01"
"CH_Herren_Fritz_1899__1","NT_LE-LH_T3_NA_01"
"CH_Herzog_Ernst_1898__1","NT_LE-LH_T3_NA_01"
"CH_Herzog_Heinrich_1906__1","NT_LE-UH_T3_NA_01"
"CH_Herzog_Verena_1956__1","NT_LE-LH_T3_NA_01"
"CH_Hess_Bernhard_1966__1","NT_LE-LH_T3_NA_01"
"CH_Hess_Erich_1981__1","NT_LE-LH_T3_NA_01"
"CH_Hess_Hans_1945__1","NT_LE-UH_T3_NA_01"
"CH_Hess_Hermann_1951__1","NT_LE-LH_T3_NA_01"
"CH_Hess_Konrad_1908__1","NT_LE-LH_T3_NA_01"
"CH_Hess_Lorenz_1961__1","NT_LE-LH_T3_NA_01"
"CH_Hess_Otto_1897__1","NT_LE-LH_T3_NA_01"
"CH_Hess_Otto_1935__1","NT_LE-LH_T3_NA_01"
"CH_Hess_Peter_1948__1","NT_LE-LH_T3_NA_01"
"CH_Hess_Walter_1949__1","NT_LE-LH_T3_NA_01"
"CH_Hilber_Kathrin_1951__1","NT_LE-LH_T3_NA_01"
"CH_Hildbrand_Franz_1942__1","NT_LE-LH_T3_NA_01"
"CH_Hilfiker_Walter_1897__1","NT_LE-LH_T3_NA_01"
"CH_Hiltpold_Hugues_1969__1","NT_LE-LH_T3_NA_01"
"CH_Hirzel_Eugene_1898__1","NT_LE-LH_T3_NA_01"
"CH_Hochreutener_Norbert_1946__1","NT_LE-LH_T3_NA_01"
"CH_Hochreutener_Norbert_1946__2","NT_LE-LH_T3_NA_01"
"CH_Hodgers_Antonio_1976__1","NT_LE-LH_T3_NA_01"
"CH_Hoeppli_Otto_1880__1","NT_LE-LH_T3_NA_01"
"CH_Hoesli_Fritz_1922__1","NT_LE-LH_T3_NA_01"
"CH_Hoesli_Werner_1961__1","NT_LE-UH_T3_NA_01"
"CH_Hofer_Hans_1889__1","NT_LE-LH_T3_NA_01"
"CH_Hofer_Hans_1913__1","NT_LE-LH_T3_NA_01"
"CH_Hofer_Walther_1920__1","NT_LE-LH_T3_NA_01"
"CH_Hofmann_Fritz_1924__1","NT_LE-LH_T3_NA_01"
"CH_Hofmann_Hans_1939__1","NT_LE-UH_T3_NA_01"
"CH_Hofmann_Paul_1913__1","NT_LE-UH_T3_NA_01"
"CH_Hofmann_Urs_1956__1","NT_LE-LH_T3_NA_01"
"CH_Hofstetter_Josef_1908__1","NT_LE-LH_T3_NA_01"
"CH_Holenstein_Thomas_1896__1","NT_LE-LH_T3_NA_01"
"CH_Hollenstein_Pia_1950__1","NT_LE-LH_T3_NA_01"
"CH_Honauer_Niklaus_1899__1","NT_LE-LH_T3_NA_01"
"CH_Honegger_Fritz_1917__1","NT_LE-UH_T3_NA_01"
"CH_Hophan_Wilfried_1918__1","NT_LE-UH_T3_NA_01"
"CH_Hotz_Marcel_1922__1","NT_LE-LH_T3_NA_01"
"CH_Houmard_Marc_1928__1","NT_LE-LH_T3_NA_01"
"CH_Houriet_Rene_1920__1","NT_LE-LH_T3_NA_01"
"CH_Hubacher_Helmut_1926__1","NT_LE-LH_T3_NA_01"
"CH_Huber_Casimir_1915__1","NT_LE-LH_T3_NA_01"
"CH_Huber_Gabi_1956__1","NT_LE-LH_T3_NA_01"
"CH_Huber_Hans_1932__1","NT_LE-UH_T3_NA_01"
"CH_Huber_Harald_1912__1","NT_LE-LH_T3_NA_01"
"CH_Huber_Johannes_1879__1","NT_LE-LH_T3_NA_01"
"CH_Hubmann_Vreni_1944__1","NT_LE-LH_T3_NA_01"
"CH_Huerlimann_Alois_1916__1","NT_LE-LH_T3_NA_01"
"CH_Huerlimann_Hans_1918__1","NT_LE-UH_T3_NA_01"
"CH_Huggenberger_Ernst_1924__1","NT_LE-LH_T3_NA_01"
"CH_Huguenin_Marianne_1950__1","NT_LE-LH_T3_NA_01"
"CH_Humbel_Beda_1933__1","NT_LE-LH_T3_NA_01"
"CH_Humbel_Ruth_1957__1","NT_LE-LH_T3_NA_01"
"CH_Humbert_Jean_1889__1","NT_LE-LH_T3_NA_01"
"CH_Hummler_Alfred_1915__1","NT_LE-LH_T3_NA_01"
"CH_Hungerbuehler_Traugott_1918__1","NT_LE-LH_T3_NA_01"
"CH_Hunziker_Bruno_1930__1","NT_LE-UH_T3_NA_01"
"CH_Hunziker_Bruno_1930__2","NT_LE-LH_T3_NA_01"
"CH_Hurter_Thomas_1963__1","NT_LE-LH_T3_NA_01"
"CH_Hutter_Jasmin_1978__1","NT_LE-LH_T3_NA_01"
"CH_Hutter_Markus_1957__1","NT_LE-LH_T3_NA_01"
"CH_Ilg_Konrad_1877__1","NT_LE-LH_T3_NA_01"
"CH_Ilg_Konrad_1877__2","NT_LE-LH_T3_NA_01"
"CH_Imark_Christian_1982__1","NT_LE-LH_T3_NA_01"
"CH_Imboden_Max_1915__1","NT_LE-LH_T3_NA_01"
"CH_Imfeld_Adriano_1954__32","NT_LE-LH_T3_NA_01"
"CH_Imhof_Rudolf_1940__1","NT_LE-LH_T3_NA_01"
"CH_Imoberdorf_Rene_1950__1","NT_LE-UH_T3_NA_01"
"CH_Indergand_Josef_1895__1","NT_LE-UH_T3_NA_01"
"CH_Inderkum_Hansheiri_1947__1","NT_LE-UH_T3_NA_01"
"CH_Ineichen_Otto_1941__1","NT_LE-LH_T3_NA_01"
"CH_Ingold_Maja_1948__1","NT_LE-LH_T3_NA_01"
"CH_Isenschmid_Eduard_1877__1","NT_LE-LH_T3_NA_01"
"CH_Iten_Alphons_1898__1","NT_LE-UH_T3_NA_01"
"CH_Iten_Andreas_1936__1","NT_LE-UH_T3_NA_01"
"CH_Iten_Joseph_1943__1","NT_LE-LH_T3_NA_01"
"CH_Jaccard_Alix_1905__1","NT_LE-LH_T3_NA_01"
"CH_Jaccard_Michel_1914__1","NT_LE-LH_T3_NA_01"
"CH_Jaccottet_Georges_1909__1","NT_LE-LH_T3_NA_01"
"CH_Jacquod_Rene_1905__1","NT_LE-LH_T3_NA_01"
"CH_Jaeckle_Erwin_1909__1","NT_LE-LH_T3_NA_01"
"CH_Jaeger_Franz_1941__1","NT_LE-LH_T3_NA_01"
"CH_Jaeger_Walter_1911__1","NT_LE-LH_T3_NA_01"
"CH_Jaeggi_Paul_1936__1","NT_LE-LH_T3_NA_01"
"CH_Jaggi_Ernst_1912__1","NT_LE-LH_T3_NA_01"
"CH_Jaggi_Yvette_1941__1","NT_LE-UH_T3_NA_01"
"CH_Jaggi_Yvette_1941__2","NT_LE-LH_T3_NA_01"
"CH_Jagmetti_Riccardo_1929__1","NT_LE-UH_T3_NA_01"
"CH_Jakob_Ernst_1879__1","NT_LE-LH_T3_NA_01"
"CH_Jakob_Ernst_1879__2","NT_LE-LH_T3_NA_01"
"CH_Jakob_Ernst_1879__3","NT_LE-LH_T3_NA_01"
"CH_Janiak_Claude_1948__1","NT_LE-UH_T3_NA_01"
"CH_Janiak_Claude_1948__2","NT_LE-LH_T3_NA_01"
"CH_Janner_Adolfo_1896__1","NT_LE-LH_T3_NA_01"
"CH_Jans_Armin_1949__1","NT_LE-LH_T3_NA_01"
"CH_Jans_Beat_1964__1","NT_LE-LH_T3_NA_01"
"CH_Jaquet_Christiane_1937__1","NT_LE-LH_T3_NA_01"
"CH_Jaquet_Nicolas_1898__1","NT_LE-LH_T3_NA_01"
"CH_Jaquet_Nicolas_1898__2","NT_LE-LH_T3_NA_01"
"CH_Jaunin_Alfred_1900__1","NT_LE-LH_T3_NA_01"
"CH_Jauslin_Matthias_1962__1","NT_LE-LH_T3_NA_01"
"CH_Jauslin_Werner_1924__1","NT_LE-UH_T3_NA_01"
"CH_Jeanneret_Charles_1892__1","NT_LE-UH_T3_NA_01"
"CH_Jeanneret_Francois_1932__1","NT_LE-LH_T3_NA_01"
"CH_Jeanneret_Maurice_1886__1","NT_LE-LH_T3_NA_01"
"CH_Jeanpretre_Francine_1946__1","NT_LE-LH_T3_NA_01"
"CH_Jelmini_Camillo_1925__1","NT_LE-UH_T3_NA_01"
"CH_Jelmini_Camillo_1925__26","NT_LE-LH_T3_NA_01"
"CH_Jenni_Peter_1957__1","NT_LE-LH_T3_NA_01"
"CH_Jenny_This_1952__1","NT_LE-UH_T3_NA_01"
"CH_Jermann_Walter_1945__1","NT_LE-LH_T3_NA_01"
"CH_Joder_Rudolf_1950__1","NT_LE-LH_T3_NA_01"
"CH_Joeri_Werner_1949__1","NT_LE-LH_T3_NA_01"
"CH_John_Francine_1954__1","NT_LE-LH_T3_NA_01"
"CH_Joller_Remigi_1891__1","NT_LE-UH_T3_NA_01"
"CH_Jolli_Silvio_1907__1","NT_LE-LH_T3_NA_01"
"CH_Josi_Ernest_1896__1","NT_LE-LH_T3_NA_01"
"CH_Jositsch_Daniel_1965__1","NT_LE-UH_T3_NA_01"
"CH_Jositsch_Daniel_1965__2","NT_LE-LH_T3_NA_01"
"CH_Jossen_Peter_1955__1","NT_LE-LH_T3_NA_01"
"CH_Jost_Christian_1925__1","NT_LE-LH_T3_NA_01"
"CH_Jost_Fritz_1903__1","NT_LE-LH_T3_NA_01"
"CH_Jung_Franz_1940__1","NT_LE-LH_T3_NA_01"
"CH_Junod_Raymond_1932__1","NT_LE-LH_T3_NA_01"
"CH_Junod_Raymond_1932__2","NT_LE-LH_T3_NA_01"
"CH_Jutzet_Erwin_1951__1","NT_LE-LH_T3_NA_01"
"CH_Kaech_Jakob_1908__1","NT_LE-LH_T3_NA_01"
"CH_Kaegi_Jakob_1886__1","NT_LE-LH_T3_NA_01"
"CH_Kaelin_Irene_1987__1","NT_LE-LH_T3_NA_01"
"CH_Kaempfen_Moritz_1907__1","NT_LE-LH_T3_NA_01"
"CH_Kaestli_Hans_1892__1","NT_LE-LH_T3_NA_01"
"CH_Kalbermatten_Ruth_1950__1","NT_LE-LH_T3_NA_01"
"CH_Kappler_Arnold_1889__1","NT_LE-LH_T3_NA_01"
"CH_Kaufmann_Hans_1948__1","NT_LE-LH_T3_NA_01"
"CH_Kaufmann_Remigius_1925__1","NT_LE-LH_T3_NA_01"
"CH_Keller_Albert_1885__1","NT_LE-LH_T3_NA_01"
"CH_Keller_Anton_1934__1","NT_LE-LH_T3_NA_01"
"CH_Keller_Barbara_1968__1","NT_LE-LH_T3_NA_01"
"CH_Keller_Christine_1959__1","NT_LE-LH_T3_NA_01"
"CH_Keller_Karin_1963__1","NT_LE-UH_T3_NA_01"
"CH_Keller_Otto_1916__1","NT_LE-LH_T3_NA_01"
"CH_Keller_Peter_1971__1","NT_LE-LH_T3_NA_01"
"CH_Keller_Robert_1938__1","NT_LE-LH_T3_NA_01"
"CH_Keller_Rudolf_1956__1","NT_LE-LH_T3_NA_01"
"CH_Kern_Armin_1933__1","NT_LE-LH_T3_NA_01"
"CH_Kessler_Alois_1925__1","NT_LE-LH_T3_NA_01"
"CH_Kessler_Margrit_1948__1","NT_LE-LH_T3_NA_01"
"CH_Ketterer_Karl_1911__1","NT_LE-LH_T3_NA_01"
"CH_Kiener_Margret_1953__1","NT_LE-LH_T3_NA_01"
"CH_Killer_Hans_1948__1","NT_LE-LH_T3_NA_01"
"CH_Killer_Karl_1878__1","NT_LE-UH_T3_NA_01"
"CH_Killer_Karl_1878__2","NT_LE-LH_T3_NA_01"
"CH_Kistler_Max_1914__1","NT_LE-LH_T3_NA_01"
"CH_Klaus_Gottfried_1899__1","NT_LE-UH_T3_NA_01"
"CH_Kleiner_Marianne_1947__1","NT_LE-LH_T3_NA_01"
"CH_Klingler_Walter_1898__1","NT_LE-LH_T3_NA_01"
"CH_Klingler_Walter_1898__2","NT_LE-LH_T3_NA_01"
"CH_Kloeti_Emil_1877__1","NT_LE-UH_T3_NA_01"
"CH_Kloeti_Emil_1877__2","NT_LE-LH_T3_NA_01"
"CH_Kloter_Theodor_1916__1","NT_LE-LH_T3_NA_01"
"CH_Kloter_Theodor_1916__2","NT_LE-LH_T3_NA_01"
"CH_Knecht_Hansjoerg_1960__1","NT_LE-LH_T3_NA_01"
"CH_Knobel_Kaspar_1882__1","NT_LE-LH_T3_NA_01"
"CH_Knuesel_Peter_1923__24","NT_LE-UH_T3_NA_01"
"CH_Koch_Ursula_1941__1","NT_LE-LH_T3_NA_01"
"CH_Koenig_Bernhard_1914__1","NT_LE-LH_T3_NA_01"
"CH_Koenig_Walter_1908apr__10","NT_LE-LH_T3_NA_01"
"CH_Koenig_Walter_1908jan__10","NT_LE-LH_T3_NA_01"
"CH_Koenig_Walter_1908jan__11","NT_LE-LH_T3_NA_01"
"CH_Koeppel_Roger_1965__1","NT_LE-LH_T3_NA_01"
"CH_Kofmel_Peter_1956__1","NT_LE-LH_T3_NA_01"
"CH_Kohler_Pierre_1964__1","NT_LE-LH_T3_NA_01"
"CH_Kohler_Raoul_1921__1","NT_LE-LH_T3_NA_01"
"CH_Kohler_Simon_1916__1","NT_LE-LH_T3_NA_01"
"CH_Kohler_Walter_1887__1","NT_LE-LH_T3_NA_01"
"CH_Koller_Arnold_1933__1","NT_LE-LH_T3_NA_01"
"CH_Kolly_Gabriel_1905__1","NT_LE-LH_T3_NA_01"
"CH_Kopp_Elisabeth_1936__1","NT_LE-LH_T3_NA_01"
"CH_Korner_Hans_1912__1","NT_LE-LH_T3_NA_01"
"CH_Krauchthaler_Fritz_1915__1","NT_LE-UH_T3_NA_01"
"CH_Krummenacher_Albert_1919__1","NT_LE-LH_T3_NA_01"
"CH_Kuechler_Niklaus_1941__1","NT_LE-UH_T3_NA_01"
"CH_Kuehne_Josef_1938__1","NT_LE-LH_T3_NA_01"
"CH_Kuendig_Markus_1931__1","NT_LE-UH_T3_NA_01"
"CH_Kuenzi_Hans_1924__1","NT_LE-LH_T3_NA_01"
"CH_Kuhn_Katrin_1953__1","NT_LE-LH_T3_NA_01"
"CH_Kuhn_Niklaus_1934__1","NT_LE-LH_T3_NA_01"
"CH_Kuntschen_Joseph_1883__1","NT_LE-LH_T3_NA_01"
"CH_Kuntschen_Joseph_1883__2","NT_LE-LH_T3_NA_01"
"CH_Kunz_Alois_1897__1","NT_LE-LH_T3_NA_01"
"CH_Kunz_Josef_1945__1","NT_LE-LH_T3_NA_01"
"CH_Kunz_Paul_1886__1","NT_LE-LH_T3_NA_01"
"CH_Kunz_Urs_1920__1","NT_LE-LH_T3_NA_01"
"CH_Kuprecht_Alex_1957__1","NT_LE-UH_T3_NA_01"
"CH_Kurmann_Franz_1917__1","NT_LE-LH_T3_NA_01"
"CH_Kurrus_Paul_1947__1","NT_LE-LH_T3_NA_01"
"CH_Kurz_Hermann_1897__1","NT_LE-LH_T3_NA_01"
"CH_Kurzmeyer_Werner_1903__1","NT_LE-LH_T3_NA_01"
"CH_Kutter_Philipp_1975__1","NT_LE-LH_T3_NA_01"
"CH_Lachat_Francois_1942__1","NT_LE-LH_T3_NA_01"
"CH_Lachenal_Adrien_1885__1","NT_LE-UH_T3_NA_01"
"CH_Lachenal_Adrien_1885__2","NT_LE-LH_T3_NA_01"
"CH_Lachenmeier_Anita_1959__1","NT_LE-LH_T3_NA_01"
"CH_Lafranchi_Arturo_1914__1","NT_LE-LH_T3_NA_01"
"CH_Lalive_Maya_1957__1","NT_LE-LH_T3_NA_01"
"CH_Lampert_Marius_1902__1","NT_LE-UH_T3_NA_01"
"CH_Landolt_Adolf_1907__1","NT_LE-LH_T3_NA_01"
"CH_Landolt_Franz_1901__1","NT_LE-LH_T3_NA_01"
"CH_Landolt_Josef_1918__1","NT_LE-LH_T3_NA_01"
"CH_Landolt_Martin_1968__1","NT_LE-LH_T3_NA_01"
"CH_Lang_Erwin_1908__1","NT_LE-LH_T3_NA_01"
"CH_Lang_Hedi_1931__1","NT_LE-LH_T3_NA_01"
"CH_Lang_Josef_1954__1","NT_LE-LH_T3_NA_01"
"CH_Lang_Louis_1921__1","NT_LE-LH_T3_NA_01"
"CH_Langenauer_Jakob_1913__1","NT_LE-LH_T3_NA_01"
"CH_Langenberger_Christiane_1941__1","NT_LE-UH_T3_NA_01"
"CH_Langenberger_Christiane_1941__2","NT_LE-LH_T3_NA_01"
"CH_Lanicca_Ruben_1881__1","NT_LE-LH_T3_NA_01"
"CH_Lanz_Fritz_1922__1","NT_LE-LH_T3_NA_01"
"CH_Lardelli_Albert_1888__1","NT_LE-UH_T3_NA_01"
"CH_Lardelli_Elisabeth_1921__1","NT_LE-LH_T3_NA_01"
"CH_Laubacher_Otto_1943__1","NT_LE-LH_T3_NA_01"
"CH_Lauber_Daniel_1937__1","NT_LE-UH_T3_NA_01"
"CH_Lauper_Hubert_1944__1","NT_LE-LH_T3_NA_01"
"CH_Lauri_Hans_1944__1","NT_LE-UH_T3_NA_01"
"CH_Leber_Walther_1906__1","NT_LE-LH_T3_NA_01"
"CH_Ledergerber_Elmar_1944__1","NT_LE-LH_T3_NA_01"
"CH_Leemann_Ursula_1936__1","NT_LE-LH_T3_NA_01"
"CH_Lehmann_Markus_1955__1","NT_LE-LH_T3_NA_01"
"CH_Lehner_Innozenz_1917__1","NT_LE-LH_T3_NA_01"
"CH_Lejeune_Leo_1915__1","NT_LE-LH_T3_NA_01"
"CH_Lepori_Mimi_1949__1","NT_LE-LH_T3_NA_01"
"CH_Letsch_Hans_1924__1","NT_LE-UH_T3_NA_01"
"CH_Letsch_Hans_1924__2","NT_LE-LH_T3_NA_01"
"CH_Leu_Franz_1904__1","NT_LE-UH_T3_NA_01"
"CH_Leu_Josef_1918__1","NT_LE-LH_T3_NA_01"
"CH_Leu_Josef_1950__1","NT_LE-LH_T3_NA_01"
"CH_Leuba_Jean_1934__1","NT_LE-LH_T3_NA_01"
"CH_Leuenberger_Ernst_1945__1","NT_LE-UH_T3_NA_01"
"CH_Leuenberger_Ernst_1945__2","NT_LE-LH_T3_NA_01"
"CH_Leuenberger_Hermann_1901__1","NT_LE-LH_T3_NA_01"
"CH_Leuenberger_Moritz_1946__1","NT_LE-LH_T3_NA_01"
"CH_Leuenberger_Ueli_1952__1","NT_LE-LH_T3_NA_01"
"CH_Leumann_Helen_1943__1","NT_LE-UH_T3_NA_01"
"CH_Leupin_Kurt_1907__1","NT_LE-LH_T3_NA_01"
"CH_Leutenegger_Filippo_1952__1","NT_LE-LH_T3_NA_01"
"CH_Leutenegger_Hansjakob_1944__1","NT_LE-LH_T3_NA_01"
"CH_Leutenegger_Susanne_1948__1","NT_LE-LH_T3_NA_01"
"CH_Leutenegger_Susanne_1948__2","NT_LE-LH_T3_NA_01"
"CH_Leutenegger_Werner_1918__1","NT_LE-LH_T3_NA_01"
"CH_Leuthard_Doris_1963__1","NT_LE-LH_T3_NA_01"
"CH_Levrat_Christian_1970__1","NT_LE-UH_T3_NA_01"
"CH_Levrat_Christian_1970__2","NT_LE-LH_T3_NA_01"
"CH_Lieb_Ernst_1898__1","NT_LE-UH_T3_NA_01"
"CH_Lieberherr_Emilie_1924__1","NT_LE-UH_T3_NA_01"
"CH_Linder_David_1923__1","NT_LE-LH_T3_NA_01"
"CH_Locher_Armin_1897__1","NT_LE-UH_T3_NA_01"
"CH_Locher_Otto_1910__1","NT_LE-LH_T3_NA_01"
"CH_Loeb_Francois_1940__1","NT_LE-LH_T3_NA_01"
"CH_Loepfe_Arthur_1942__1","NT_LE-LH_T3_NA_01"
"CH_Loepfe_Ernst_1878__1","NT_LE-UH_T3_NA_01"
"CH_Loetscher_Francis_1932__1","NT_LE-LH_T3_NA_01"
"CH_Loetscher_Josef_1947__1","NT_LE-LH_T3_NA_01"
"CH_Lohr_Christian_1962__1","NT_LE-LH_T3_NA_01"
"CH_Lombardi_Filippo_1956__1","NT_LE-UH_T3_NA_01"
"CH_Longet_Rene_1951__1","NT_LE-LH_T3_NA_01"
"CH_Loretan_Otto_1946__1","NT_LE-LH_T3_NA_01"
"CH_Loretan_Willy_1934__1","NT_LE-UH_T3_NA_01"
"CH_Loretan_Willy_1934__2","NT_LE-LH_T3_NA_01"
"CH_Lovis_Louis_1913__1","NT_LE-LH_T3_NA_01"
"CH_Luder_Paul_1936__1","NT_LE-LH_T3_NA_01"
"CH_Luder_Ulrich_1919__1","NT_LE-UH_T3_NA_01"
"CH_Luechinger_Hans_1927__31","NT_LE-LH_T3_NA_01"
"CH_Luescher_Christian_1963__1","NT_LE-LH_T3_NA_01"
"CH_Luginbuehl_Werner_1958__1","NT_LE-UH_T3_NA_01"
"CH_Lumengo_Ricardo_1962__1","NT_LE-LH_T3_NA_01"
"CH_Lusser_Augustin_1896__1","NT_LE-UH_T3_NA_01"
"CH_Lustenberger_Ruedi_1950__1","NT_LE-LH_T3_NA_01"
"CH_Luterbacher_Georges_1899__1","NT_LE-LH_T3_NA_01"
"CH_Maag_Albert_1890__1","NT_LE-LH_T3_NA_01"
"CH_Maeder_Herbert_1930__1","NT_LE-LH_T3_NA_01"
"CH_Maeder_Rudolf_1903__1","NT_LE-UH_T3_NA_01"
"CH_Magnin_Armand_1920__1","NT_LE-LH_T3_NA_01"
"CH_Mahrer_Anne_1948__1","NT_LE-LH_T3_NA_01"
"CH_Maier_Thomas_1975__1","NT_LE-LH_T3_NA_01"
"CH_Maillard_Marius_1889__1","NT_LE-LH_T3_NA_01"
"CH_Maillard_Pierre_1968__1","NT_LE-LH_T3_NA_01"
"CH_Maire_Jacques_1957__1","NT_LE-LH_T3_NA_01"
"CH_Maissen_Theo_1944__1","NT_LE-UH_T3_NA_01"
"CH_Maitre_Jean_1949__1","NT_LE-LH_T3_NA_01"
"CH_Maitre_Yves_1917__1","NT_LE-LH_T3_NA_01"
"CH_Malama_Peter_1960__1","NT_LE-LH_T3_NA_01"
"CH_Malche_Albert_1876__1","NT_LE-UH_T3_NA_01"
"CH_Malzacher_Fritz_1906__1","NT_LE-LH_T3_NA_01"
"CH_Mamie_Philippe_1944__1","NT_LE-LH_T3_NA_01"
"CH_Mann_Leo_1890__1","NT_LE-LH_T3_NA_01"
"CH_Marchand_Geraldine_1971__1","NT_LE-LH_T3_NA_01"
"CH_Marietan_Fernand_1952__1","NT_LE-LH_T3_NA_01"
"CH_Markwalder_Christa_1975__1","NT_LE-LH_T3_NA_01"
"CH_Marra_Ada_1973__1","NT_LE-LH_T3_NA_01"
"CH_Marthaler_Fritz_1910__1","NT_LE-LH_T3_NA_01"
"CH_Marti_Min_1974__1","NT_LE-LH_T3_NA_01"
"CH_Marti_Samira_1994__1","NT_LE-LH_T3_NA_01"
"CH_Marti_Werner_1957__1","NT_LE-LH_T3_NA_01"
"CH_Martignoni_Werner_1927__1","NT_LE-LH_T3_NA_01"
"CH_Martin_Andre_1912__1","NT_LE-LH_T3_NA_01"
"CH_Martin_Jacques_1933__1","NT_LE-UH_T3_NA_01"
"CH_Martin_Jacques_1933__2","NT_LE-LH_T3_NA_01"
"CH_Martin_Paul_1929__1","NT_LE-LH_T3_NA_01"
"CH_Martullo_Magdalena_1969__1","NT_LE-LH_T3_NA_01"
"CH_Marty_Barbara_1954__1","NT_LE-LH_T3_NA_01"
"CH_Marty_Dick_1945__1","NT_LE-UH_T3_NA_01"
"CH_Mascarin_Ruth_1945__1","NT_LE-LH_T3_NA_01"
"CH_Masina_Francesco_1886__1","NT_LE-LH_T3_NA_01"
"CH_Masoni_Franco_1928__1","NT_LE-UH_T3_NA_01"
"CH_Masoni_Franco_1928__2","NT_LE-UH_T3_NA_01"
"CH_Masoni_Franco_1928__3","NT_LE-LH_T3_NA_01"
"CH_Maspoli_Flavio_1950__1","NT_LE-LH_T3_NA_01"
"CH_Maspoli_Franco_1908__1","NT_LE-LH_T3_NA_01"
"CH_Masshardt_Nadine_1984__1","NT_LE-LH_T3_NA_01"
"CH_Massy_Claude_1927__1","NT_LE-LH_T3_NA_01"
"CH_Mathys_Hans_1946__1","NT_LE-LH_T3_NA_01"
"CH_Matossi_Franco_1919__1","NT_LE-UH_T3_NA_01"
"CH_Matossi_Franco_1919__2","NT_LE-LH_T3_NA_01"
"CH_Matter_Thomas_1966__1","NT_LE-LH_T3_NA_01"
"CH_Matthey_Francis_1942__1","NT_LE-LH_T3_NA_01"
"CH_Mauch_Rolf_1934__1","NT_LE-LH_T3_NA_01"
"CH_Mauch_Ursula_1935__1","NT_LE-LH_T3_NA_01"
"CH_Maurer_Fritz_1901__1","NT_LE-LH_T3_NA_01"
"CH_Maurer_Ueli_1950__1","NT_LE-LH_T3_NA_01"
"CH_Mauroux_Rene_1912__1","NT_LE-LH_T3_NA_01"
"CH_Maury_Liliane_1956__1","NT_LE-UH_T3_NA_01"
"CH_Maury_Liliane_1956__2","NT_LE-LH_T3_NA_01"
"CH_Mayer_Oscar_1916__1","NT_LE-LH_T3_NA_01"
"CH_Mazzone_Lisa_1988__16","NT_LE-LH_T3_NA_01"
"CH_Meier_Arnold_1906__1","NT_LE-LH_T3_NA_01"
"CH_Meier_Christian_1889__1","NT_LE-LH_T3_NA_01"
"CH_Meier_Ernst_1897__1","NT_LE-LH_T3_NA_01"
"CH_Meier_Fritz_1914__1","NT_LE-LH_T3_NA_01"
"CH_Meier_Hans_1920__1","NT_LE-UH_T3_NA_01"
"CH_Meier_Hans_1933__1","NT_LE-LH_T3_NA_01"
"CH_Meier_Jean_1881__1","NT_LE-LH_T3_NA_01"
"CH_Meier_Josi_1926__1","NT_LE-UH_T3_NA_01"
"CH_Meier_Josi_1926__2","NT_LE-LH_T3_NA_01"
"CH_Meier_Kaspar_1917__1","NT_LE-LH_T3_NA_01"
"CH_Meier_Lucrezia_1952__1","NT_LE-LH_T3_NA_01"
"CH_Meier_Rudolf_1907__1","NT_LE-UH_T3_NA_01"
"CH_Meier_Rudolf_1907__2","NT_LE-LH_T3_NA_01"
"CH_Meier_Samuel_1948__1","NT_LE-LH_T3_NA_01"
"CH_Meier_Werner_1916__1","NT_LE-LH_T3_NA_01"
"CH_Meierhans_Paul_1895__1","NT_LE-LH_T3_NA_01"
"CH_Meili_Armin_1892__1","NT_LE-LH_T3_NA_01"
"CH_Meister_Werner_1889__1","NT_LE-LH_T3_NA_01"
"CH_Meizoz_Bernard_1927__1","NT_LE-LH_T3_NA_01"
"CH_Melly_Armand_1882__1","NT_LE-LH_T3_NA_01"
"CH_Menetrey_Anne_1938__1","NT_LE-LH_T3_NA_01"
"CH_Mercier_Joachim_1878__1","NT_LE-UH_T3_NA_01"
"CH_Merlini_Giovanni_1962__1","NT_LE-LH_T3_NA_01"
"CH_Merz_Christian_1943__1","NT_LE-LH_T3_NA_01"
"CH_Merz_Hans_1942__1","NT_LE-UH_T3_NA_01"
"CH_Messmer_Werner_1945__1","NT_LE-LH_T3_NA_01"
"CH_Messmer_Willy_1917__1","NT_LE-LH_T3_NA_01"
"CH_Meyer_Fritz_1894__1","NT_LE-LH_T3_NA_01"
"CH_Meyer_Hans_1922__1","NT_LE-LH_T3_NA_01"
"CH_Meyer_Helen_1920__1","NT_LE-LH_T3_NA_01"
"CH_Meyer_Jakob_1880__1","NT_LE-LH_T3_NA_01"
"CH_Meyer_Kurt_1932__1","NT_LE-LH_T3_NA_01"
"CH_Meyer_Leo_1880__1","NT_LE-UH_T3_NA_01"
"CH_Meyer_Mattea_1987__1","NT_LE-LH_T3_NA_01"
"CH_Meyer_Robert_1905__1","NT_LE-LH_T3_NA_01"
"CH_Meyer_Theodor_1937__1","NT_LE-LH_T3_NA_01"
"CH_Meyer_Therese_1948__43","NT_LE-LH_T3_NA_01"
"CH_Meyer_Ulrich_1903__1","NT_LE-LH_T3_NA_01"
"CH_Meylan_Rene_1929__1","NT_LE-UH_T3_NA_01"
"CH_Michel_Juerg_1955__1","NT_LE-LH_T3_NA_01"
"CH_Michlig_Meinrad_1906__1","NT_LE-LH_T3_NA_01"
"CH_Miesch_Christian_1948__1","NT_LE-LH_T3_NA_01"
"CH_Miesch_Christian_1948__2","NT_LE-LH_T3_NA_01"
"CH_Miesch_Christian_1948__3","NT_LE-LH_T3_NA_01"
"CH_Mieville_Adrien_1890__1","NT_LE-LH_T3_NA_01"
"CH_Minder_Thomas_1960__1","NT_LE-UH_T3_NA_01"
"CH_Ming_Hans_1904__1","NT_LE-LH_T3_NA_01"
"CH_Misteli_Marguerite_1945__1","NT_LE-LH_T3_NA_01"
"CH_Miville_Carl_1891__1","NT_LE-LH_T3_NA_01"
"CH_Miville_Carl_1921__1","NT_LE-UH_T3_NA_01"
"CH_Miville_Carl_1921__2","NT_LE-LH_T3_NA_01"
"CH_Moeckli_Georges_1889__1","NT_LE-UH_T3_NA_01"
"CH_Moeckli_Georges_1889__2","NT_LE-LH_T3_NA_01"
"CH_Moergeli_Christoph_1960__1","NT_LE-LH_T3_NA_01"
"CH_Moeschlin_Felix_1882__1","NT_LE-LH_T3_NA_01"
"CH_Mohr_Gion_1885__14","NT_LE-LH_T3_NA_01"
"CH_Moine_Virgile_1900__1","NT_LE-LH_T3_NA_01"
"CH_Molina_Fabian_1990__1","NT_LE-LH_T3_NA_01"
"CH_Moll_Heinz_1928__1","NT_LE-UH_T3_NA_01"
"CH_Monfrini_Henri_1913__1","NT_LE-LH_T3_NA_01"
"CH_Monnard_Pierre_1957__1","NT_LE-LH_T3_NA_01"
"CH_Morel_Felicien_1935__1","NT_LE-LH_T3_NA_01"
"CH_Moret_Isabelle_1970__1","NT_LE-LH_T3_NA_01"
"CH_Morf_Doris_1927__1","NT_LE-LH_T3_NA_01"
"CH_Morf_Gustav_1900__1","NT_LE-LH_T3_NA_01"
"CH_Morier_Jacques_1934__1","NT_LE-UH_T3_NA_01"
"CH_Morniroli_Giorgio_1936__1","NT_LE-UH_T3_NA_01"
"CH_Moser_Ernst_1892__1","NT_LE-LH_T3_NA_01"
"CH_Moser_Rene_1941__1","NT_LE-LH_T3_NA_01"
"CH_Moser_Robert_1922__1","NT_LE-LH_T3_NA_01"
"CH_Moser_Tiana_1979__1","NT_LE-LH_T3_NA_01"
"CH_Mossdorf_Albert_1911__1","NT_LE-LH_T3_NA_01"
"CH_Moulin_Joseph_1892__1","NT_LE-UH_T3_NA_01"
"CH_Moulin_Joseph_1892__2","NT_LE-LH_T3_NA_01"
"CH_Mouttet_Henri_1883__1","NT_LE-UH_T3_NA_01"
"CH_Muehlemann_Ernst_1930__1","NT_LE-LH_T3_NA_01"
"CH_Mueller_Alban_1895__1","NT_LE-LH_T3_NA_01"
"CH_Mueller_Alfons_1923__1","NT_LE-LH_T3_NA_01"
"CH_Mueller_Alfred_1887__1","NT_LE-LH_T3_NA_01"
"CH_Mueller_Andreas_1934__1","NT_LE-LH_T3_NA_01"
"CH_Mueller_Arnold_1924__1","NT_LE-LH_T3_NA_01"
"CH_Mueller_Bernhard_1931__1","NT_LE-LH_T3_NA_01"
"CH_Mueller_Damian_1984__1","NT_LE-UH_T3_NA_01"
"CH_Mueller_Daniel_1928__1","NT_LE-LH_T3_NA_01"
"CH_Mueller_Emil_1893__1","NT_LE-UH_T3_NA_01"
"CH_Mueller_Erich_1938__1","NT_LE-LH_T3_NA_01"
"CH_Mueller_Geri_1960__1","NT_LE-LH_T3_NA_01"
"CH_Mueller_Hans_1891__1","NT_LE-LH_T3_NA_01"
"CH_Mueller_Hans_1893__1","NT_LE-LH_T3_NA_01"
"CH_Mueller_Hans_1893__2","NT_LE-LH_T3_NA_01"
"CH_Mueller_Heinrich_1911__1","NT_LE-LH_T3_NA_01"
"CH_Mueller_Jakob_1895__1","NT_LE-UH_T3_NA_01"
"CH_Mueller_Konrad_1892__1","NT_LE-LH_T3_NA_01"
"CH_Mueller_Kurt_1925__1","NT_LE-LH_T3_NA_01"
"CH_Mueller_Leo_1958__1","NT_LE-LH_T3_NA_01"
"CH_Mueller_Peter_1910__1","NT_LE-UH_T3_NA_01"
"CH_Mueller_Philipp_1952__1","NT_LE-UH_T3_NA_01"
"CH_Mueller_Philipp_1952__2","NT_LE-LH_T3_NA_01"
"CH_Mueller_Reinhard_1929__1","NT_LE-LH_T3_NA_01"
"CH_Mueller_Richard_1913__1","NT_LE-LH_T3_NA_01"
"CH_Mueller_Stefan_1976__1","NT_LE-LH_T3_NA_01"
"CH_Mueller_Thomas_1952__1","NT_LE-LH_T3_NA_01"
"CH_Mueller_Vreni_1951__1","NT_LE-LH_T3_NA_01"
"CH_Mueller_Walter_1948__1","NT_LE-LH_T3_NA_01"
"CH_Mueri_Felix_1958__1","NT_LE-LH_T3_NA_01"
"CH_Muff_Erwin_1935__1","NT_LE-LH_T3_NA_01"
"CH_Mugny_Patrice_1953__1","NT_LE-LH_T3_NA_01"
"CH_Mugny_Roger_1921__1","NT_LE-LH_T3_NA_01"
"CH_Muheim_Anton_1916__1","NT_LE-LH_T3_NA_01"
"CH_Muheim_Franz_1923__1","NT_LE-UH_T3_NA_01"
"CH_Muheim_Gustav_1897__1","NT_LE-UH_T3_NA_01"
"CH_Muheim_Karl_1887__1","NT_LE-UH_T3_NA_01"
"CH_Muheim_Karl_1887__2","NT_LE-LH_T3_NA_01"
"CH_Munz_Hans_1902__1","NT_LE-LH_T3_NA_01"
"CH_Munz_Hans_1916__1","NT_LE-UH_T3_NA_01"
"CH_Munz_Martina_1955__1","NT_LE-LH_T3_NA_01"
"CH_Muret_Andre_1909__1","NT_LE-LH_T3_NA_01"
"CH_Muret_Andre_1909__2","NT_LE-LH_T3_NA_01"
"CH_Nabholz_Lili_1944__1","NT_LE-LH_T3_NA_01"
"CH_Nadig_Adolf_1877__1","NT_LE-LH_T3_NA_01"
"CH_Naef_Martin_1970__1","NT_LE-LH_T3_NA_01"
"CH_Naegeli_Wilfried_1932__1","NT_LE-LH_T3_NA_01"
"CH_Naenny_Hans_1914__1","NT_LE-UH_T3_NA_01"
"CH_Nanchen_Gabrielle_1943__1","NT_LE-LH_T3_NA_01"
"CH_Nantermod_Philippe_1984__1","NT_LE-LH_T3_NA_01"
"CH_Narbel_Jean_1939__1","NT_LE-LH_T3_NA_01"
"CH_Nauer_Otto_1914__1","NT_LE-LH_T3_NA_01"
"CH_Nebiker_Hans_1929__1","NT_LE-LH_T3_NA_01"
"CH_Nef_Georg_1927__1","NT_LE-LH_T3_NA_01"
"CH_Neirynck_Jacques_1931__1","NT_LE-LH_T3_NA_01"
"CH_Neirynck_Jacques_1931__2","NT_LE-LH_T3_NA_01"
"CH_Nerfin_Paul_1893__1","NT_LE-LH_T3_NA_01"
"CH_Neuenschwander_Willi_1929__1","NT_LE-LH_T3_NA_01"
"CH_Neukomm_Alfred_1945__1","NT_LE-LH_T3_NA_01"
"CH_Nicole_Leon_1887__1","NT_LE-LH_T3_NA_01"
"CH_Nicole_Leon_1887__2","NT_LE-LH_T3_NA_01"
"CH_Nicolet_Jacques_1965__1","NT_LE-LH_T3_NA_01"
"CH_Nidegger_Yves_1957__1","NT_LE-LH_T3_NA_01"
"CH_Niederberger_Paul_1948__1","NT_LE-UH_T3_NA_01"
"CH_Niederhauser_Rudolf_1881__1","NT_LE-LH_T3_NA_01"
"CH_Nigg_Josef_1910__1","NT_LE-LH_T3_NA_01"
"CH_Nordmann_Roger_1973__1","NT_LE-LH_T3_NA_01"
"CH_Noser_Ruedi_1961__1","NT_LE-UH_T3_NA_01"
"CH_Noser_Ruedi_1961__2","NT_LE-LH_T3_NA_01"
"CH_Nussbaumer_Eric_1960__1","NT_LE-LH_T3_NA_01"
"CH_Nussbaumer_Urs_1931__1","NT_LE-LH_T3_NA_01"
"CH_Obrecht_Karl_1910__1","NT_LE-UH_T3_NA_01"
"CH_Obrecht_Karl_1910__2","NT_LE-LH_T3_NA_01"
"CH_Odermatt_Gotthard_1902__1","NT_LE-UH_T3_NA_01"
"CH_Odermatt_Gotthard_1902__2","NT_LE-LH_T3_NA_01"
"CH_Odermatt_Joseph_1892__1","NT_LE-LH_T3_NA_01"
"CH_Oechslin_Heinrich_1913__1","NT_LE-UH_T3_NA_01"
"CH_Oehen_Valentin_1931__1","NT_LE-LH_T3_NA_01"
"CH_Oehler_Edgar_1942__1","NT_LE-LH_T3_NA_01"
"CH_Oehrli_Fritz_1941__1","NT_LE-LH_T3_NA_01"
"CH_Oeri_Albert_1875__1","NT_LE-LH_T3_NA_01"
"CH_Oester_Hans_1931__1","NT_LE-LH_T3_NA_01"
"CH_Ogi_Adolf_1942__1","NT_LE-LH_T3_NA_01"
"CH_Oldani_Hermann_1891__1","NT_LE-LH_T3_NA_01"
"CH_Oldani_Hermann_1891__2","NT_LE-LH_T3_NA_01"
"CH_Oldani_Hermann_1891__3","NT_LE-LH_T3_NA_01"
"CH_Olgiati_Libero_1908__1","NT_LE-LH_T3_NA_01"
"CH_Olgiati_Libero_1908__2","NT_LE-LH_T3_NA_01"
"CH_Oltramare_Andre_1884__1","NT_LE-LH_T3_NA_01"
"CH_Onken_Thomas_1941__1","NT_LE-UH_T3_NA_01"
"CH_Oprecht_Hans_1894__1","NT_LE-LH_T3_NA_01"
"CH_Ory_Gisele_1956__1","NT_LE-UH_T3_NA_01"
"CH_Ostermann_Roland_1938__1","NT_LE-LH_T3_NA_01"
"CH_Ott_Heinrich_1929__1","NT_LE-LH_T3_NA_01"
"CH_Ott_Rudolf_1900__1","NT_LE-LH_T3_NA_01"
"CH_Overney_Constant_1901__1","NT_LE-LH_T3_NA_01"
"CH_Paccolat_Monique_1954__1","NT_LE-LH_T3_NA_01"
"CH_Pagan_Jacques_1942__1","NT_LE-LH_T3_NA_01"
"CH_Pagani_Gian_1933__1","NT_LE-LH_T3_NA_01"
"CH_Paganini_Nicolo_1966__1","NT_LE-LH_T3_NA_01"
"CH_Page_Pierre_1960__1","NT_LE-LH_T3_NA_01"
"CH_Pantani_Roberta_1965__1","NT_LE-LH_T3_NA_01"
"CH_Pardini_Corrado_1965__1","NT_LE-LH_T3_NA_01"
"CH_Parmelin_Guy_1959__1","NT_LE-LH_T3_NA_01"
"CH_Pasquier_Albert_1892__1","NT_LE-LH_T3_NA_01"
"CH_Paupe_Pierre_1937__1","NT_LE-UH_T3_NA_01"
"CH_Peclard_Ulysse_1886__1","NT_LE-LH_T3_NA_01"
"CH_Pedrazzini_Giovan_1917__1","NT_LE-LH_T3_NA_01"
"CH_Pedrina_Fabio_1954__1","NT_LE-LH_T3_NA_01"
"CH_Peitrequin_Jean_1902__1","NT_LE-LH_T3_NA_01"
"CH_Pelli_Fulvio_1951__1","NT_LE-LH_T3_NA_01"
"CH_Pequignot_Maurice_1918__1","NT_LE-UH_T3_NA_01"
"CH_Perey_Andre_1931__1","NT_LE-LH_T3_NA_01"
"CH_Perreard_Francois_1892__1","NT_LE-UH_T3_NA_01"
"CH_Perreard_Francois_1892__2","NT_LE-LH_T3_NA_01"
"CH_Perret_Henri_1885__1","NT_LE-LH_T3_NA_01"
"CH_Perrin_Paul_1886__1","NT_LE-LH_T3_NA_01"
"CH_Perrin_Tell_1880__1","NT_LE-LH_T3_NA_01"
"CH_Perrin_Yvan_1966__1","NT_LE-LH_T3_NA_01"
"CH_Perrinjaquet_Sylvie_1955__1","NT_LE-LH_T3_NA_01"
"CH_Perrinjaquet_Sylvie_1955__2","NT_LE-LH_T3_NA_01"
"CH_Petitpierre_Andre_1890__1","NT_LE-LH_T3_NA_01"
"CH_Petitpierre_Gilles_1940__1","NT_LE-UH_T3_NA_01"
"CH_Petitpierre_Gilles_1940__2","NT_LE-LH_T3_NA_01"
"CH_Petrig_Victor_1887__1","NT_LE-UH_T3_NA_01"
"CH_Petrig_Victor_1887__2","NT_LE-LH_T3_NA_01"
"CH_Peyrot_Francois_1918__1","NT_LE-LH_T3_NA_01"
"CH_Pezzatti_Bruno_1951__1","NT_LE-LH_T3_NA_01"
"CH_Pfister_Gerhard_1962__1","NT_LE-LH_T3_NA_01"
"CH_Pfister_Theophil_1942__1","NT_LE-LH_T3_NA_01"
"CH_Pfisterer_Thomas_1941__1","NT_LE-UH_T3_NA_01"
"CH_Pfund_Willy_1939__1","NT_LE-LH_T3_NA_01"
"CH_Philipona_Eusebe_1901__1","NT_LE-LH_T3_NA_01"
"CH_Philipona_Jean_1943__1","NT_LE-LH_T3_NA_01"
"CH_Philippe_Etienne_1902__1","NT_LE-LH_T3_NA_01"
"CH_Picot_Albert_1882__1","NT_LE-UH_T3_NA_01"
"CH_Picot_Albert_1882__2","NT_LE-LH_T3_NA_01"
"CH_Pictet_Albert_1890__1","NT_LE-UH_T3_NA_01"
"CH_Pidoux_Ernest_1904__1","NT_LE-LH_T3_NA_01"
"CH_Pidoux_Philippe_1943__1","NT_LE-LH_T3_NA_01"
"CH_Pieren_Nadja_1980__1","NT_LE-LH_T3_NA_01"
"CH_Piller_Joseph_1890__1","NT_LE-UH_T3_NA_01"
"CH_Piller_Joseph_1890__2","NT_LE-UH_T3_NA_01"
"CH_Piller_Otto_1942__1","NT_LE-UH_T3_NA_01"
"CH_Piller_Valerie_1978__1","NT_LE-LH_T3_NA_01"
"CH_Pini_Aleardo_1907__1","NT_LE-LH_T3_NA_01"
"CH_Pini_Massimo_1936__1","NT_LE-LH_T3_NA_01"
"CH_Piot_Robert_1899__1","NT_LE-LH_T3_NA_01"
"CH_Pitteloud_Francoise_1951__1","NT_LE-LH_T3_NA_01"
"CH_Plattner_Gian_1939__1","NT_LE-UH_T3_NA_01"
"CH_Poggia_Mauro_1959__1","NT_LE-LH_T3_NA_01"
"CH_Polla_Barbara_1950__1","NT_LE-LH_T3_NA_01"
"CH_Poncet_Charles_1946__1","NT_LE-LH_T3_NA_01"
"CH_Portmann_Hans_1963__1","NT_LE-LH_T3_NA_01"
"CH_Portmann_Theo_1942__1","NT_LE-LH_T3_NA_01"
"CH_Pozzi_Jean_1892__1","NT_LE-LH_T3_NA_01"
"CH_Pradervand_Jean_1908__1","NT_LE-UH_T3_NA_01"
"CH_Pradervand_Jean_1908__2","NT_LE-LH_T3_NA_01"
"CH_Prelicz_Katharina_1959__1","NT_LE-LH_T3_NA_01"
"CH_Primborgne_Charles_1913__1","NT_LE-LH_T3_NA_01"
"CH_Prongue_Marie_1939__1","NT_LE-UH_T3_NA_01"
"CH_Pugin_Antoine_1898__1","NT_LE-LH_T3_NA_01"
"CH_Quadranti_Rosmarie_1957__1","NT_LE-LH_T3_NA_01"
"CH_Quadri_Lorenzo_1974__1","NT_LE-LH_T3_NA_01"
"CH_Quartenoud_Maxime_1897__1","NT_LE-UH_T3_NA_01"
"CH_Quartenoud_Maxime_1897__2","NT_LE-LH_T3_NA_01"
"CH_Raez_Fritz_1922__1","NT_LE-LH_T3_NA_01"
"CH_Raggenbass_Hansueli_1948__1","NT_LE-LH_T3_NA_01"
"CH_Raisin_Marcel_1890__1","NT_LE-UH_T3_NA_01"
"CH_Raissig_Walter_1910__1","NT_LE-LH_T3_NA_01"
"CH_Randegger_Johannes_1941__1","NT_LE-LH_T3_NA_01"
"CH_Raschein_Paul_1901__1","NT_LE-LH_T3_NA_01"
"CH_Rasser_Alfred_1907__1","NT_LE-LH_T3_NA_01"
"CH_Ratti_Remigio_1944__1","NT_LE-LH_T3_NA_01"
"CH_Rebeaud_Laurent_1947__1","NT_LE-LH_T3_NA_01"
"CH_Rechsteiner_Paul_1952__1","NT_LE-UH_T3_NA_01"
"CH_Rechsteiner_Paul_1952__2","NT_LE-LH_T3_NA_01"
"CH_Rechsteiner_Rudolf_1958__1","NT_LE-LH_T3_NA_01"
"CH_Recordon_Luc_1955__1","NT_LE-UH_T3_NA_01"
"CH_Recordon_Luc_1955__2","NT_LE-LH_T3_NA_01"
"CH_Regazzi_Fabio_1962__1","NT_LE-LH_T3_NA_01"
"CH_Reich_Richard_1927__1","NT_LE-LH_T3_NA_01"
"CH_Reich_Werner_1917__1","NT_LE-LH_T3_NA_01"
"CH_Reichling_Rudolf_1890__1","NT_LE-LH_T3_NA_01"
"CH_Reichling_Rudolf_1924__1","NT_LE-LH_T3_NA_01"
"CH_Reichmuth_Xaver_1931__1","NT_LE-UH_T3_NA_01"
"CH_Reimann_Fritz_1924__1","NT_LE-LH_T3_NA_01"
"CH_Reimann_Lukas_1982__1","NT_LE-LH_T3_NA_01"
"CH_Reimann_Maximilian_1942__1","NT_LE-UH_T3_NA_01"
"CH_Reimann_Maximilian_1942__2","NT_LE-LH_T3_NA_01"
"CH_Reimann_Maximilian_1942__3","NT_LE-LH_T3_NA_01"
"CH_Reimann_Robert_1911__1","NT_LE-UH_T3_NA_01"
"CH_Reimann_Robert_1911__2","NT_LE-LH_T3_NA_01"
"CH_Reinhard_Ernst_1889__1","NT_LE-LH_T3_NA_01"
"CH_Reinhard_Ernst_1889__2","NT_LE-LH_T3_NA_01"
"CH_Reiniger_Kurt_1939__1","NT_LE-LH_T3_NA_01"
"CH_Rennwald_Jean_1953__1","NT_LE-LH_T3_NA_01"
"CH_Renold_Karl_1888__1","NT_LE-LH_T3_NA_01"
"CH_Renschler_Walter_1932__1","NT_LE-LH_T3_NA_01"
"CH_Respini_Renzo_1944__1","NT_LE-UH_T3_NA_01"
"CH_Revaclier_Francois_1903__1","NT_LE-LH_T3_NA_01"
"CH_Revaclier_Jean_1932__1","NT_LE-LH_T3_NA_01"
"CH_Revaclier_Jean_1932__2","NT_LE-LH_T3_NA_01"
"CH_Reverdin_Olivier_1913__1","NT_LE-UH_T3_NA_01"
"CH_Reverdin_Olivier_1913__2","NT_LE-LH_T3_NA_01"
"CH_Rey_Jean_1949__1","NT_LE-LH_T3_NA_01"
"CH_Reymond_Andre_1940__1","NT_LE-LH_T3_NA_01"
"CH_Reymond_Hubert_1938__1","NT_LE-UH_T3_NA_01"
"CH_Reynard_Mathias_1987__1","NT_LE-LH_T3_NA_01"
"CH_Rhinow_Rene_1942__1","NT_LE-UH_T3_NA_01"
"CH_Rhyner_Kaspar_1932__1","NT_LE-UH_T3_NA_01"
"CH_Ribaux_Alain_1962__1","NT_LE-LH_T3_NA_01"
"CH_Ribi_Martha_1915__1","NT_LE-LH_T3_NA_01"
"CH_Richter_Yann_1928__1","NT_LE-LH_T3_NA_01"
"CH_Rickli_Natalie_1976__1","NT_LE-LH_T3_NA_01"
"CH_Riedener_Josef_1892__1","NT_LE-LH_T3_NA_01"
"CH_Rieder_Beat_1963__1","NT_LE-UH_T3_NA_01"
"CH_Rielle_Jean_1952__1","NT_LE-LH_T3_NA_01"
"CH_Riesen_Jean_1920__1","NT_LE-LH_T3_NA_01"
"CH_Riklin_Kathy_1952__1","NT_LE-LH_T3_NA_01"
"CH_Rime_Jean_1950__1","NT_LE-LH_T3_NA_01"
"CH_Rime_Pierre_1923__1","NT_LE-LH_T3_NA_01"
"CH_Rippstein_Louis_1915__1","NT_LE-LH_T3_NA_01"
"CH_Risi_Josef_1920__1","NT_LE-LH_T3_NA_01"
"CH_Ritschard_Willi_1918__1","NT_LE-LH_T3_NA_01"
"CH_Ritter_Markus_1967__1","NT_LE-LH_T3_NA_01"
"CH_Riva_Waldo_1905__1","NT_LE-LH_T3_NA_01"
"CH_Riva_Waldo_1905__2","NT_LE-LH_T3_NA_01"
"CH_Robbiani_Dario_1939__1","NT_LE-LH_T3_NA_01"
"CH_Robbiani_Meinrado_1951__1","NT_LE-LH_T3_NA_01"
"CH_Robert_Leni_1936__1","NT_LE-LH_T3_NA_01"
"CH_Robert_Leni_1936__2","NT_LE-LH_T3_NA_01"
"CH_Robert_Rene_1885__1","NT_LE-LH_T3_NA_01"
"CH_Rochat_Eric_1948__1","NT_LE-UH_T3_NA_01"
"CH_Rochat_Nicolas_1982__1","NT_LE-LH_T3_NA_01"
"CH_Rodel_Ernst_1901__1","NT_LE-LH_T3_NA_01"
"CH_Roduit_Benjamin_1962__1","NT_LE-LH_T3_NA_01"
"CH_Roesti_Albert_1967__1","NT_LE-LH_T3_NA_01"
"CH_Roethlin_Walter_1930__1","NT_LE-LH_T3_NA_01"
"CH_Roggo_Alphons_1898__1","NT_LE-UH_T3_NA_01"
"CH_Rohner_Walter_1923__1","NT_LE-LH_T3_NA_01"
"CH_Rohner_Willi_1907__1","NT_LE-UH_T3_NA_01"
"CH_Rohner_Willi_1907__2","NT_LE-LH_T3_NA_01"
"CH_Rohr_Max_1890__1","NT_LE-LH_T3_NA_01"
"CH_Rohr_Rudolf_1935__1","NT_LE-LH_T3_NA_01"
"CH_Rohrbasser_Bernard_1946__1","NT_LE-LH_T3_NA_01"
"CH_Rohrer_Hans_1936__1","NT_LE-LH_T3_NA_01"
"CH_Romano_Marco_1982__1","NT_LE-LH_T3_NA_01"
"CH_Rosselet_Charles_1893__1","NT_LE-LH_T3_NA_01"
"CH_Rosset_Paul_1905__1","NT_LE-LH_T3_NA_01"
"CH_Rossini_Stephane_1963__1","NT_LE-LH_T3_NA_01"
"CH_Roth_August_1894__1","NT_LE-LH_T3_NA_01"
"CH_Roth_August_1894__2","NT_LE-LH_T3_NA_01"
"CH_Roth_August_1894__3","NT_LE-LH_T3_NA_01"
"CH_Roth_Hans_1879__1","NT_LE-LH_T3_NA_01"
"CH_Roth_Hans_1913__1","NT_LE-LH_T3_NA_01"
"CH_Roth_Jean_1952__1","NT_LE-UH_T3_NA_01"
"CH_Roth_Maria_1955__1","NT_LE-LH_T3_NA_01"
"CH_Roth_Maria_1955__2","NT_LE-LH_T3_NA_01"
"CH_Rothen_Eduard_1925__1","NT_LE-LH_T3_NA_01"
"CH_Roulet_Louis_1877__1","NT_LE-LH_T3_NA_01"
"CH_Roulin_Gustave_1904__1","NT_LE-UH_T3_NA_01"
"CH_Roux_Paul_1960__1","NT_LE-LH_T3_NA_01"
"CH_Roy_Gabriel_1940__1","NT_LE-LH_T3_NA_01"
"CH_Rubattel_Lucien_1892__1","NT_LE-LH_T3_NA_01"
"CH_Rubi_Christian_1897__1","NT_LE-LH_T3_NA_01"
"CH_Rubi_Fred_1926__1","NT_LE-LH_T3_NA_01"
"CH_Ruch_Rudolf_1939__1","NT_LE-LH_T3_NA_01"
"CH_Ruckstuhl_Hans_1947__1","NT_LE-LH_T3_NA_01"
"CH_Rueegg_Hans_1902__1","NT_LE-LH_T3_NA_01"
"CH_Rueegg_Hans_1918__1","NT_LE-LH_T3_NA_01"
"CH_Rueesch_Ernst_1928__1","NT_LE-UH_T3_NA_01"
"CH_Ruettimann_Albert_1925__1","NT_LE-LH_T3_NA_01"
"CH_Ruey_Claude_1949__1","NT_LE-LH_T3_NA_01"
"CH_Ruf_Markus_1959__1","NT_LE-LH_T3_NA_01"
"CH_Rufener_Paul_1892__1","NT_LE-LH_T3_NA_01"
"CH_Ruffy_Victor_1937__1","NT_LE-LH_T3_NA_01"
"CH_Ruiz_Rebecca_1982__1","NT_LE-LH_T3_NA_01"
"CH_Ruoss_Erhard_1901__1","NT_LE-LH_T3_NA_01"
"CH_Ruppen_Franz_1971__1","NT_LE-LH_T3_NA_01"
"CH_Rusca_Francesco_1875__1","NT_LE-LH_T3_NA_01"
"CH_Rusca_Francesco_1875__2","NT_LE-LH_T3_NA_01"
"CH_Rusca_Giovan_1881__1","NT_LE-LH_T3_NA_01"
"CH_Rusca_Giovan_1881__2","NT_LE-LH_T3_NA_01"
"CH_Rusca_Giovan_1881__3","NT_LE-LH_T3_NA_01"
"CH_Rusconi_Pierre_1949__1","NT_LE-LH_T3_NA_01"
"CH_Rutishauser_Georg_1901__1","NT_LE-LH_T3_NA_01"
"CH_Rutishauser_Paul_1933__1","NT_LE-LH_T3_NA_01"
"CH_Rutschmann_Hans_1947__1","NT_LE-LH_T3_NA_01"
"CH_Rutz_Gregor_1972__1","NT_LE-LH_T3_NA_01"
"CH_Rychen_Albrecht_1948__21","NT_LE-LH_T3_NA_01"
"CH_Ryser_Albert_1903__1","NT_LE-LH_T3_NA_01"
"CH_Ryser_Albert_1903__2","NT_LE-LH_T3_NA_01"
"CH_Ryter_Alfred_1882__1","NT_LE-LH_T3_NA_01"
"CH_Rytz_Regula_1962__1","NT_LE-LH_T3_NA_01"
"CH_Sadis_Laura_1961__1","NT_LE-LH_T3_NA_01"
"CH_Sager_Peter_1925__1","NT_LE-LH_T3_NA_01"
"CH_Sahlfeld_Hanna_1943__1","NT_LE-LH_T3_NA_01"
"CH_Salvi_Pierre_1957__1","NT_LE-LH_T3_NA_01"
"CH_Salvioni_Sergio_1927__1","NT_LE-UH_T3_NA_01"
"CH_Salvioni_Sergio_1927__2","NT_LE-LH_T3_NA_01"
"CH_Salzmann_Friedrich_1915__1","NT_LE-LH_T3_NA_01"
"CH_Salzmann_Werner_1962__1","NT_LE-LH_T3_NA_01"
"CH_Sandoz_Andre_1911__1","NT_LE-LH_T3_NA_01"
"CH_Sandoz_Marcel_1943__1","NT_LE-LH_T3_NA_01"
"CH_Sandoz_Suzette_1942__1","NT_LE-LH_T3_NA_01"
"CH_Sappeur_Hans_1897__1","NT_LE-LH_T3_NA_01"
"CH_Saudan_Francoise_1939__1","NT_LE-UH_T3_NA_01"
"CH_Sauser_Willy_1908__1","NT_LE-LH_T3_NA_01"
"CH_Sauter_Regine_1966__1","NT_LE-LH_T3_NA_01"
"CH_Savary_Geraldine_1968__1","NT_LE-UH_T3_NA_01"
"CH_Savary_Geraldine_1968__2","NT_LE-LH_T3_NA_01"
"CH_Savary_Jean_1930__1","NT_LE-LH_T3_NA_01"
"CH_Savary_Pierre_1940__1","NT_LE-LH_T3_NA_01"
"CH_Schaer_Meinrad_1921__1","NT_LE-LH_T3_NA_01"
"CH_Schaerli_Hans_1925__1","NT_LE-LH_T3_NA_01"
"CH_Schaffer_Emil_1924__1","NT_LE-LH_T3_NA_01"
"CH_Schaffter_Roger_1917__1","NT_LE-UH_T3_NA_01"
"CH_Schalcher_Heinrich_1917__1","NT_LE-LH_T3_NA_01"
"CH_Schallberger_Peter_1932__1","NT_LE-UH_T3_NA_01"
"CH_Schaller_Alfred_1908__1","NT_LE-LH_T3_NA_01"
"CH_Schaller_Anton_1944__1","NT_LE-LH_T3_NA_01"
"CH_Schatz_Rudolf_1925__13","NT_LE-LH_T3_NA_01"
"CH_Schaub_Walter_1885__1","NT_LE-UH_T3_NA_01"
"CH_Scheidegger_Urs_1943__1","NT_LE-LH_T3_NA_01"
"CH_Schelbert_Louis_1952__1","NT_LE-LH_T3_NA_01"
"CH_Schenk_Simon_1946__1","NT_LE-LH_T3_NA_01"
"CH_Schenker_Silvia_1954__1","NT_LE-LH_T3_NA_01"
"CH_Scherer_Anton_1925__1","NT_LE-LH_T3_NA_01"
"CH_Scherer_Marcel_1952__1","NT_LE-LH_T3_NA_01"
"CH_Scherrer_Carl_1909__1","NT_LE-LH_T3_NA_01"
"CH_Scherrer_Joseph_1891__1","NT_LE-LH_T3_NA_01"
"CH_Scherrer_Juerg_1947__1","NT_LE-LH_T3_NA_01"
"CH_Scherrer_Werner_1930__1","NT_LE-LH_T3_NA_01"
"CH_Scheurer_Remy_1934__1","NT_LE-LH_T3_NA_01"
"CH_Schib_Paul_1901__1","NT_LE-LH_T3_NA_01"
"CH_Schibli_Ernst_1952__1","NT_LE-LH_T3_NA_01"
"CH_Schibli_Ernst_1952__2","NT_LE-LH_T3_NA_01"
"CH_Schiesser_Fritz_1954__1","NT_LE-UH_T3_NA_01"
"CH_Schilliger_Peter_1959__1","NT_LE-LH_T3_NA_01"
"CH_Schirmer_August_1908__1","NT_LE-LH_T3_NA_01"
"CH_Schirmer_August_1908__2","NT_LE-LH_T3_NA_01"
"CH_Schlaefli_Urs_1963__1","NT_LE-LH_T3_NA_01"
"CH_Schlaepfer_Albert_1908__1","NT_LE-LH_T3_NA_01"
"CH_Schlaepfer_Hans_1893__1","NT_LE-LH_T3_NA_01"
"CH_Schlaepfer_Therese_1959__1","NT_LE-LH_T3_NA_01"
"CH_Schlaeppy_Remy_1917__1","NT_LE-LH_T3_NA_01"
"CH_Schlegel_Florian_1935__1","NT_LE-LH_T3_NA_01"
"CH_Schlueer_Ulrich_1944__1","NT_LE-LH_T3_NA_01"
"CH_Schlueer_Ulrich_1944__2","NT_LE-LH_T3_NA_01"
"CH_Schlumpf_Leon_1925__1","NT_LE-UH_T3_NA_01"
"CH_Schlumpf_Leon_1925__2","NT_LE-LH_T3_NA_01"
"CH_Schmid_Arthur_1889__1","NT_LE-LH_T3_NA_01"
"CH_Schmid_Arthur_1928__1","NT_LE-LH_T3_NA_01"
"CH_Schmid_Barbara_1965__1","NT_LE-LH_T3_NA_01"
"CH_Schmid_Carlo_1950__1","NT_LE-UH_T3_NA_01"
"CH_Schmid_Ernst_1899__1","NT_LE-LH_T3_NA_01"
"CH_Schmid_Ernst_1908__1","NT_LE-LH_T3_NA_01"
"CH_Schmid_Hans_1935__1","NT_LE-LH_T3_NA_01"
"CH_Schmid_Jacques_1882__1","NT_LE-LH_T3_NA_01"
"CH_Schmid_Martin_1969__1","NT_LE-UH_T3_NA_01"
"CH_Schmid_Odilo_1945__1","NT_LE-LH_T3_NA_01"
"CH_Schmid_Peter_1940__1","NT_LE-LH_T3_NA_01"
"CH_Schmid_Philipp_1889__1","NT_LE-LH_T3_NA_01"
"CH_Schmid_Rudolf_1888__1","NT_LE-LH_T3_NA_01"
"CH_Schmid_Samuel_1947__1","NT_LE-UH_T3_NA_01"
"CH_Schmid_Samuel_1947__2","NT_LE-LH_T3_NA_01"
"CH_Schmid_Werner_1898__1","NT_LE-LH_T3_NA_01"
"CH_Schmid_Werner_1898__2","NT_LE-LH_T3_NA_01"
"CH_Schmidhalter_Paul_1931__1","NT_LE-LH_T3_NA_01"
"CH_Schmidheiny_Max_1908__1","NT_LE-LH_T3_NA_01"
"CH_Schmidlin_Fritz_1898__1","NT_LE-LH_T3_NA_01"
"CH_Schmidlin_Fritz_1898__2","NT_LE-LH_T3_NA_01"
"CH_Schmidt_Roberto_1962__1","NT_LE-LH_T3_NA_01"
"CH_Schmidt_Roberto_1962__2","NT_LE-LH_T3_NA_01"
"CH_Schmidt_Walter_1912__1","NT_LE-LH_T3_NA_01"
"CH_Schmied_Walter_1953__1","NT_LE-LH_T3_NA_01"
"CH_Schmitt_Henri_1926__1","NT_LE-LH_T3_NA_01"
"CH_Schmuki_Johann_1890__1","NT_LE-UH_T3_NA_01"
"CH_Schmutz_Rudolf_1876__1","NT_LE-LH_T3_NA_01"
"CH_Schneeberger_Daniela_1967__1","NT_LE-LH_T3_NA_01"
"CH_Schneider_Arnold_1920__1","NT_LE-LH_T3_NA_01"
"CH_Schneider_Elisabeth_1964__1","NT_LE-LH_T3_NA_01"
"CH_Schneider_Erwin_1910__1","NT_LE-LH_T3_NA_01"
"CH_Schneider_Erwin_1910__2","NT_LE-LH_T3_NA_01"
"CH_Schneider_Friedrich_1886__1","NT_LE-LH_T3_NA_01"
"CH_Schneider_Friedrich_1886__2","NT_LE-LH_T3_NA_01"
"CH_Schneider_Johann_1952__1","NT_LE-LH_T3_NA_01"
"CH_Schneider_Ursula_1961__1","NT_LE-LH_T3_NA_01"
"CH_Schneider_Ursula_1961__22","NT_LE-LH_T3_NA_01"
"CH_Schnider_Theodor_1930__1","NT_LE-LH_T3_NA_01"
"CH_Schnyder_Heinrich_1897__1","NT_LE-LH_T3_NA_01"
"CH_Schnyder_Heinrich_1927__1","NT_LE-LH_T3_NA_01"
"CH_Schnyder_Karl_1931__1","NT_LE-LH_T3_NA_01"
"CH_Schnyder_Oskar_1896__1","NT_LE-LH_T3_NA_01"
"CH_Schoch_Kurt_1904__1","NT_LE-UH_T3_NA_01"
"CH_Schoch_Otto_1934__1","NT_LE-UH_T3_NA_01"
"CH_Schoenenberger_Jakob_1931__1","NT_LE-UH_T3_NA_01"
"CH_Schregenberger_Hans_1912__1","NT_LE-LH_T3_NA_01"
"CH_Schuele_Kurt_1944__1","NT_LE-UH_T3_NA_01"
"CH_Schuele_Kurt_1944__2","NT_LE-LH_T3_NA_01"
"CH_Schuemperli_Rudolf_1907__1","NT_LE-LH_T3_NA_01"
"CH_Schuerch_Gerhart_1910__1","NT_LE-LH_T3_NA_01"
"CH_Schuermann_Leo_1917__1","NT_LE-LH_T3_NA_01"
"CH_Schuetz_Otto_1907__1","NT_LE-LH_T3_NA_01"
"CH_Schuler_Adelrich_1922__1","NT_LE-LH_T3_NA_01"
"CH_Schuler_Hans_1899__1","NT_LE-LH_T3_NA_01"
"CH_Schuler_Josef_1889__1","NT_LE-LH_T3_NA_01"
"CH_Schutz_Jakob_1918__1","NT_LE-LH_T3_NA_01"
"CH_Schwaab_Jean_1948__1","NT_LE-LH_T3_NA_01"
"CH_Schwaab_Jean_1979__1","NT_LE-LH_T3_NA_01"
"CH_Schwab_Heinz_1941__1","NT_LE-LH_T3_NA_01"
"CH_Schwaller_Urs_1952__1","NT_LE-UH_T3_NA_01"
"CH_Schwander_Pirmin_1961__1","NT_LE-LH_T3_NA_01"
"CH_Schwarz_Urs_1926__1","NT_LE-LH_T3_NA_01"
"CH_Schwarzenbach_James_1911__1","NT_LE-LH_T3_NA_01"
"CH_Schweiger_Rolf_1945__1","NT_LE-UH_T3_NA_01"
"CH_Schweingruber_Alain_1952__1","NT_LE-LH_T3_NA_01"
"CH_Schweizer_Urs_1952__1","NT_LE-LH_T3_NA_01"
"CH_Schwendener_Johann_1888__1","NT_LE-LH_T3_NA_01"
"CH_Schwendener_Michael_1892__1","NT_LE-LH_T3_NA_01"
"CH_Schwendinger_Erwin_1911__1","NT_LE-LH_T3_NA_01"
"CH_Schwizer_Alfons_1897__1","NT_LE-LH_T3_NA_01"
"CH_Seematter_Arnold_1890__1","NT_LE-LH_T3_NA_01"
"CH_Segessenmann_Friedrich_1897__1","NT_LE-LH_T3_NA_01"
"CH_Segmueller_Eva_1932__1","NT_LE-LH_T3_NA_01"
"CH_Segmueller_Pius_1952__1","NT_LE-LH_T3_NA_01"
"CH_Segond_Guy_1945__1","NT_LE-LH_T3_NA_01"
"CH_Seiler_Bernhard_1930__1","NT_LE-UH_T3_NA_01"
"CH_Seiler_Hanspeter_1933__1","NT_LE-LH_T3_NA_01"
"CH_Seiler_Priska_1968__1","NT_LE-LH_T3_NA_01"
"CH_Seiler_Rolf_1932__1","NT_LE-LH_T3_NA_01"
"CH_Seiler_Walter_1896__1","NT_LE-LH_T3_NA_01"
"CH_Semadeni_Silva_1952__1","NT_LE-LH_T3_NA_01"
"CH_Semadeni_Silva_1952__2","NT_LE-LH_T3_NA_01"
"CH_Seydoux_Anne_1958__4","NT_LE-UH_T3_NA_01"
"CH_Sieber_Ernst_1927__1","NT_LE-LH_T3_NA_01"
"CH_Siegenthaler_Heinz_1955__1","NT_LE-LH_T3_NA_01"
"CH_Siegenthaler_Heinz_1955__10","NT_LE-LH_T3_NA_01"
"CH_Siegmann_Walter_1910__1","NT_LE-LH_T3_NA_01"
"CH_Siegrist_Rudolf_1886__1","NT_LE-LH_T3_NA_01"
"CH_Siegrist_Ulrich_1945__1","NT_LE-LH_T3_NA_01"
"CH_Sigerist_Heinrich_1881__1","NT_LE-LH_T3_NA_01"
"CH_Sigrist_Albert_1923__1","NT_LE-LH_T3_NA_01"
"CH_Simmen_Rosemarie_1938__1","NT_LE-UH_T3_NA_01"
"CH_Simon_Jean_1948__1","NT_LE-LH_T3_NA_01"
"CH_Simoneschi_Chiara_1946__1","NT_LE-LH_T3_NA_01"
"CH_Singeisen_Verena_1945__1","NT_LE-LH_T3_NA_01"
"CH_Slongo_Marianne_1948__1","NT_LE-UH_T3_NA_01"
"CH_Soldini_Mario_1913__1","NT_LE-LH_T3_NA_01"
"CH_Sollberger_Charles_1896__1","NT_LE-LH_T3_NA_01"
"CH_Sollberger_Sandra_1973__1","NT_LE-LH_T3_NA_01"
"CH_Sommaruga_Carlo_1959__1","NT_LE-LH_T3_NA_01"
"CH_Sommaruga_Simonetta_1960__1","NT_LE-UH_T3_NA_01"
"CH_Sommaruga_Simonetta_1960__2","NT_LE-LH_T3_NA_01"
"CH_Spaelti_Peter_1930__1","NT_LE-LH_T3_NA_01"
"CH_Speck_Christian_1937__1","NT_LE-LH_T3_NA_01"
"CH_Speiser_Ernst_1889__1","NT_LE-UH_T3_NA_01"
"CH_Speiser_Ernst_1889__2","NT_LE-LH_T3_NA_01"
"CH_Speziali_Carlo_1921__1","NT_LE-LH_T3_NA_01"
"CH_Spielmann_Jean_1944__1","NT_LE-LH_T3_NA_01"
"CH_Spiess_Gertrud_1914__1","NT_LE-LH_T3_NA_01"
"CH_Spindler_Albert_1906__1","NT_LE-LH_T3_NA_01"
"CH_Spoerry_Vreni_1938__1","NT_LE-UH_T3_NA_01"
"CH_Spoerry_Vreni_1938__2","NT_LE-LH_T3_NA_01"
"CH_Sprecher_Georg_1913__1","NT_LE-LH_T3_NA_01"
"CH_Spreng_Liselotte_1912__1","NT_LE-LH_T3_NA_01"
"CH_Spuehler_Willy_1902__1","NT_LE-UH_T3_NA_01"
"CH_Spuehler_Willy_1902__2","NT_LE-LH_T3_NA_01"
"CH_Spuhler_Peter_1959__1","NT_LE-LH_T3_NA_01"
"CH_Stadelmann_Hans_1918__1","NT_LE-LH_T3_NA_01"
"CH_Stadler_Anton_1920__1","NT_LE-LH_T3_NA_01"
"CH_Stadler_Anton_1920__2","NT_LE-LH_T3_NA_01"
"CH_Stadler_Hansruedi_1953__1","NT_LE-UH_T3_NA_01"
"CH_Stadler_Markus_1948__1","NT_LE-UH_T3_NA_01"
"CH_Stadlin_Manfred_1906__1","NT_LE-LH_T3_NA_01"
"CH_Staehelin_Heinrich_1903__1","NT_LE-LH_T3_NA_01"
"CH_Staehelin_Philipp_1944__1","NT_LE-UH_T3_NA_01"
"CH_Staehli_Alfred_1902__1","NT_LE-LH_T3_NA_01"
"CH_Staehli_Fritz_1895__1","NT_LE-UH_T3_NA_01"
"CH_Staehli_Fritz_1895__2","NT_LE-LH_T3_NA_01"
"CH_Staehli_Hans_1889__1","NT_LE-LH_T3_NA_01"
"CH_Staehli_Hans_1889__2","NT_LE-LH_T3_NA_01"
"CH_Staehli_Roland_1917__1","NT_LE-LH_T3_NA_01"
"CH_Stahl_Juerg_1968__1","NT_LE-LH_T3_NA_01"
"CH_Stalder_Fritz_1928__1","NT_LE-LH_T3_NA_01"
"CH_Stamm_Judith_1934__1","NT_LE-LH_T3_NA_01"
"CH_Stamm_Luzi_1952__1","NT_LE-LH_T3_NA_01"
"CH_Stamm_Walter_1927__1","NT_LE-LH_T3_NA_01"
"CH_Stappung_Sepp_1926__1","NT_LE-LH_T3_NA_01"
"CH_Stebler_Pius_1911__1","NT_LE-LH_T3_NA_01"
"CH_Stefani_Alberto_1918__1","NT_LE-UH_T3_NA_01"
"CH_Steffen_Hans_1931__1","NT_LE-LH_T3_NA_01"
"CH_Steiert_Jean_1961__1","NT_LE-LH_T3_NA_01"
"CH_Steiger_Hans_1944__1","NT_LE-LH_T3_NA_01"
"CH_Steinegger_Franz_1943__1","NT_LE-LH_T3_NA_01"
"CH_Steinemann_Barbara_1976__1","NT_LE-LH_T3_NA_01"
"CH_Steinemann_Walter_1938__1","NT_LE-LH_T3_NA_01"
"CH_Steiner_Arthur_1896__1","NT_LE-LH_T3_NA_01"
"CH_Steiner_Ernst_1920__1","NT_LE-UH_T3_NA_01"
"CH_Steiner_Karl_1897__1","NT_LE-LH_T3_NA_01"
"CH_Steiner_Rudolf_1945__1","NT_LE-LH_T3_NA_01"
"CH_Steinmann_Paul_1893__1","NT_LE-LH_T3_NA_01"
"CH_Steinmann_Paul_1893__2","NT_LE-LH_T3_NA_01"
"CH_Stich_Otto_1927__1","NT_LE-LH_T3_NA_01"
"CH_Stiefel_Ernst_1887__1","NT_LE-LH_T3_NA_01"
"CH_Stiffler_Hans_1904__1","NT_LE-LH_T3_NA_01"
"CH_Stirnemann_Erwin_1885__1","NT_LE-LH_T3_NA_01"
"CH_Stocker_Monika_1948__1","NT_LE-LH_T3_NA_01"
"CH_Stocker_Werner_1904__1","NT_LE-LH_T3_NA_01"
"CH_Stoeckli_Hans_1952__1","NT_LE-UH_T3_NA_01"
"CH_Stoeckli_Hans_1952__2","NT_LE-LH_T3_NA_01"
"CH_Stoeckli_Xaver_1888__1","NT_LE-UH_T3_NA_01"
"CH_Stoeckli_Xaver_1888__2","NT_LE-LH_T3_NA_01"
"CH_Stoffel_Leo_1910__1","NT_LE-LH_T3_NA_01"
"CH_Stolz_Daniel_1968__1","NT_LE-LH_T3_NA_01"
"CH_Strahm_Hans_1907__1","NT_LE-LH_T3_NA_01"
"CH_Strahm_Rudolf_1943__1","NT_LE-LH_T3_NA_01"
"CH_Straumann_Walter_1943__1","NT_LE-LH_T3_NA_01"
"CH_Strebel_Charles_1903__1","NT_LE-LH_T3_NA_01"
"CH_Streiff_Marianne_1957__1","NT_LE-LH_T3_NA_01"
"CH_Stucki_Fridolin_1913__1","NT_LE-UH_T3_NA_01"
"CH_Stucki_Jakob_1924__1","NT_LE-UH_T3_NA_01"
"CH_Stucky_Georg_1930__1","NT_LE-LH_T3_NA_01"
"CH_Studer_Ernst_1896__1","NT_LE-LH_T3_NA_01"
"CH_Studer_Heiner_1949__1","NT_LE-LH_T3_NA_01"
"CH_Studer_Jean_1957__1","NT_LE-UH_T3_NA_01"
"CH_Studer_Otto_1898__1","NT_LE-LH_T3_NA_01"
"CH_Stuenzi_Walter_1896__1","NT_LE-LH_T3_NA_01"
"CH_Stuessi_Rudolf_1883__1","NT_LE-UH_T3_NA_01"
"CH_Stump_Doris_1950__1","NT_LE-LH_T3_NA_01"
"CH_Stutz_Josef_1877__1","NT_LE-LH_T3_NA_01"
"CH_Suter_Adolf_1882__1","NT_LE-UH_T3_NA_01"
"CH_Suter_Marc_1953__35","NT_LE-LH_T3_NA_01"
"CH_Suter_Marc_1953__36","NT_LE-LH_T3_NA_01"
"CH_Suter_Rudolf_1914__1","NT_LE-LH_T3_NA_01"
"CH_Tanner_Fritz_1923__1","NT_LE-LH_T3_NA_01"
"CH_Tanner_Paul_1913__1","NT_LE-LH_T3_NA_01"
"CH_Tatti_Pierino_1893__1","NT_LE-LH_T3_NA_01"
"CH_Tenchio_Ettore_1915__1","NT_LE-LH_T3_NA_01"
"CH_Teuscher_Franziska_1958__1","NT_LE-LH_T3_NA_01"
"CH_Teuscher_Pierre_1921__1","NT_LE-LH_T3_NA_01"
"CH_Thalmann_Hanny_1912__1","NT_LE-LH_T3_NA_01"
"CH_Thanei_Anita_1954__1","NT_LE-LH_T3_NA_01"
"CH_Theiler_Georges_1949__1","NT_LE-UH_T3_NA_01"
"CH_Theiler_Georges_1949__2","NT_LE-LH_T3_NA_01"
"CH_Theubet_Gabriel_1936__1","NT_LE-LH_T3_NA_01"
"CH_Theus_Arno_1911__1","NT_LE-UH_T3_NA_01"
"CH_Thevoz_Georges_1914__1","NT_LE-LH_T3_NA_01"
"CH_Thorens_Adele_1971__1","NT_LE-LH_T3_NA_01"
"CH_Thuer_Hanspeter_1949__1","NT_LE-LH_T3_NA_01"
"CH_Tillmanns_Pierre_1939__1","NT_LE-LH_T3_NA_01"
"CH_Tissieres_Rodolphe_1911__1","NT_LE-LH_T3_NA_01"
"CH_Tochon_Robert_1926__1","NT_LE-LH_T3_NA_01"
"CH_Toengi_Michael_1967__1","NT_LE-LH_T3_NA_01"
"CH_Toggenburg_Rudolf_1899__1","NT_LE-LH_T3_NA_01"
"CH_Torche_Paul_1912__1","NT_LE-UH_T3_NA_01"
"CH_Torche_Paul_1912__2","NT_LE-LH_T3_NA_01"
"CH_Tornare_Manuel_1951__1","NT_LE-LH_T3_NA_01"
"CH_Travelletti_Adolphe_1914__1","NT_LE-LH_T3_NA_01"
"CH_Trede_Aline_1983__1","NT_LE-LH_T3_NA_01"
"CH_Trede_Aline_1983__16","NT_LE-LH_T3_NA_01"
"CH_Triebold_Erwin_1907__1","NT_LE-LH_T3_NA_01"
"CH_Triponez_Pierre_1943__1","NT_LE-LH_T3_NA_01"
"CH_Troillet_Maurice_1880__1","NT_LE-UH_T3_NA_01"
"CH_Troillet_Maurice_1880__2","NT_LE-LH_T3_NA_01"
"CH_Troillet_Maurice_1880__3","NT_LE-LH_T3_NA_01"
"CH_Trottmann_Karl_1915__1","NT_LE-LH_T3_NA_01"
"CH_Trueb_Walther_1883__1","NT_LE-LH_T3_NA_01"
"CH_Tschaeppaet_Alexander_1952__1","NT_LE-LH_T3_NA_01"
"CH_Tschaeppaet_Alexander_1952__2","NT_LE-LH_T3_NA_01"
"CH_Tschaeppaet_Reynold_1917__1","NT_LE-LH_T3_NA_01"
"CH_Tschanz_Hans_1902__1","NT_LE-LH_T3_NA_01"
"CH_Tschopp_Josef_1912__1","NT_LE-LH_T3_NA_01"
"CH_Tschopp_Peter_1940__1","NT_LE-LH_T3_NA_01"
"CH_Tschudi_Hans_1913__1","NT_LE-UH_T3_NA_01"
"CH_Tschuemperlin_Andy_1962__1","NT_LE-LH_T3_NA_01"
"CH_Tschumi_Hans_1908__1","NT_LE-LH_T3_NA_01"
"CH_Tschumi_Hans_1908__2","NT_LE-LH_T3_NA_01"
"CH_Tschuppert_Karl_1941__1","NT_LE-LH_T3_NA_01"
"CH_Tuchschmid_Walter_1893__1","NT_LE-LH_T3_NA_01"
"CH_Tuena_Mauro_1972__1","NT_LE-LH_T3_NA_01"
"CH_Uchtenhagen_Lilian_1928__1","NT_LE-LH_T3_NA_01"
"CH_Ueltschi_Hans_1913__1","NT_LE-LH_T3_NA_01"
"CH_Ueltschi_Johann_1882__1","NT_LE-LH_T3_NA_01"
"CH_Ueltschi_Johann_1882__2","NT_LE-LH_T3_NA_01"
"CH_Ueltschi_Johann_1882__3","NT_LE-LH_T3_NA_01"
"CH_Uhlmann_Hans_1933__1","NT_LE-UH_T3_NA_01"
"CH_Uhlmann_Hans_1933__2","NT_LE-LH_T3_NA_01"
"CH_Uhlmann_Jacques_1895__1","NT_LE-LH_T3_NA_01"
"CH_Uhlmann_Jacques_1895__2","NT_LE-LH_T3_NA_01"
"CH_Ullmann_Erich_1892__1","NT_LE-UH_T3_NA_01"
"CH_Ulrich_Josef_1916__1","NT_LE-UH_T3_NA_01"
"CH_Ulrich_Josef_1916__2","NT_LE-LH_T3_NA_01"
"CH_Ulrich_Ursula_1947__1","NT_LE-LH_T3_NA_01"
"CH_Urech_Willy_1912__1","NT_LE-UH_T3_NA_01"
"CH_Vallender_Dorle_1941__1","NT_LE-LH_T3_NA_01"
"CH_Vanek_Pierre_1954__1","NT_LE-LH_T3_NA_01"
"CH_Vannay_Francoise_1945__1","NT_LE-LH_T3_NA_01"
"CH_vanSinger_Christian_1950__1","NT_LE-LH_T3_NA_01"
"CH_Vaterlaus_Ernst_1891__1","NT_LE-UH_T3_NA_01"
"CH_Vaudroz_Jean_1953__1","NT_LE-LH_T3_NA_01"
"CH_Vaudroz_Rene_1947__1","NT_LE-LH_T3_NA_01"
"CH_Veillon_Pierre_1950__1","NT_LE-LH_T3_NA_01"
"CH_Verda_Alberto_1910__1","NT_LE-LH_T3_NA_01"
"CH_Vermot_Ruth_1941__1","NT_LE-LH_T3_NA_01"
"CH_Vetsch_Burkhard_1937__1","NT_LE-LH_T3_NA_01"
"CH_Vetsch_Florian_1921__1","NT_LE-LH_T3_NA_01"
"CH_Vetterli_Werner_1929__1","NT_LE-LH_T3_NA_01"
"CH_Vieli_Josef_1884__1","NT_LE-UH_T3_NA_01"
"CH_Villard_Arthur_1917__1","NT_LE-LH_T3_NA_01"
"CH_Villard_Rene_1902__1","NT_LE-LH_T3_NA_01"
"CH_Villiger_Kaspar_1941__1","NT_LE-UH_T3_NA_01"
"CH_Villiger_Kaspar_1941__2","NT_LE-LH_T3_NA_01"
"CH_Vincent_Jean_1906__1","NT_LE-LH_T3_NA_01"
"CH_Vincenz_Gion_1921__1","NT_LE-UH_T3_NA_01"
"CH_Vischer_Daniel_1950__1","NT_LE-LH_T3_NA_01"
"CH_Vitali_Albert_1955__1","NT_LE-LH_T3_NA_01"
"CH_Vodoz_Antoine_1900__1","NT_LE-LH_T3_NA_01"
"CH_Vogel_Daniel_1943__1","NT_LE-LH_T3_NA_01"
"CH_Vogler_Karl_1956__1","NT_LE-LH_T3_NA_01"
"CH_Vogt_Hans_1969__10","NT_LE-LH_T3_NA_01"
"CH_Vogt_Werner_1905__1","NT_LE-UH_T3_NA_01"
"CH_Vollenweider_Jakob_1912__1","NT_LE-LH_T3_NA_01"
"CH_Vollmer_Peter_1946__1","NT_LE-LH_T3_NA_01"
"CH_vonAllmen_Hansueli_1946__1","NT_LE-LH_T3_NA_01"
"CH_vonAlmen_Fritz_1890__1","NT_LE-LH_T3_NA_01"
"CH_vonArx_Kurt_1921__1","NT_LE-LH_T3_NA_01"
"CH_vonderAa_Albert_1894__1","NT_LE-LH_T3_NA_01"
"CH_vonFelten_Margrith_1944__1","NT_LE-LH_T3_NA_01"
"CH_vonGraffenried_Alec_1962__1","NT_LE-LH_T3_NA_01"
"CH_vonGreyerz_Walo_1898__1","NT_LE-LH_T3_NA_01"
"CH_Vonlanthen_Beat_1957__1","NT_LE-UH_T3_NA_01"
"CH_vonMoos_Ludwig_1910__1","NT_LE-UH_T3_NA_01"
"CH_vonRoten_Peter_1916__1","NT_LE-LH_T3_NA_01"
"CH_vonRotz_Christoph_1966__1","NT_LE-LH_T3_NA_01"
"CH_vonSiebenthal_Erich_1958__1","NT_LE-LH_T3_NA_01"
"CH_Vontobel_William_1909__1","NT_LE-LH_T3_NA_01"
"CH_vonWaldkirch_Eduard_1890__1","NT_LE-LH_T3_NA_01"
"CH_Voruz_Eric_1945__1","NT_LE-LH_T3_NA_01"
"CH_Waber_Christian_1948__1","NT_LE-LH_T3_NA_01"
"CH_Waefler_Markus_1948__1","NT_LE-LH_T3_NA_01"
"CH_Wagner_Arnold_1890__1","NT_LE-LH_T3_NA_01"
"CH_Wagner_Paul_1917__1","NT_LE-LH_T3_NA_01"
"CH_Wahlen_Friedrich_1899__1","NT_LE-UH_T3_NA_01"
"CH_Waldner_Fritz_1911__1","NT_LE-LH_T3_NA_01"
"CH_Waldvogel_Erwin_1920__1","NT_LE-LH_T3_NA_01"
"CH_Walker_Felix_1935__1","NT_LE-LH_T3_NA_01"
"CH_Walker_Ludwig_1879__1","NT_LE-UH_T3_NA_01"
"CH_Walliser_Bruno_1966__1","NT_LE-LH_T3_NA_01"
"CH_Walter_Hansjoerg_1951__1","NT_LE-LH_T3_NA_01"
"CH_Walti_Beat_1968__1","NT_LE-LH_T3_NA_01"
"CH_Wander_Georg_1898__1","NT_LE-LH_T3_NA_01"
"CH_Wandfluh_Hansruedi_1952__1","NT_LE-LH_T3_NA_01"
"CH_Wanner_Christian_1947__1","NT_LE-LH_T3_NA_01"
"CH_Wanner_Hermann_1914__1","NT_LE-LH_T3_NA_01"
"CH_Wartmann_Otto_1890__1","NT_LE-LH_T3_NA_01"
"CH_Wartmann_Rudolf_1902__1","NT_LE-LH_T3_NA_01"
"CH_Wasserfallen_Christian_1981__1","NT_LE-LH_T3_NA_01"
"CH_Wasserfallen_Flavia_1979__1","NT_LE-LH_T3_NA_01"
"CH_Wasserfallen_Kurt_1947__1","NT_LE-LH_T3_NA_01"
"CH_Weber_Agnes_1951__1","NT_LE-LH_T3_NA_01"
"CH_Weber_Alfred_1923__1","NT_LE-LH_T3_NA_01"
"CH_Weber_Ernst_1906__1","NT_LE-LH_T3_NA_01"
"CH_Weber_Hans_1908__1","NT_LE-LH_T3_NA_01"
"CH_Weber_Jakob_1887__1","NT_LE-UH_T3_NA_01"
"CH_Weber_Jakob_1887__2","NT_LE-LH_T3_NA_01"
"CH_Weber_Joachim_1913__1","NT_LE-LH_T3_NA_01"
"CH_Weber_Karl_1935__1","NT_LE-LH_T3_NA_01"
"CH_Weber_Leo_1920__1","NT_LE-LH_T3_NA_01"
"CH_Weber_Marie_1957__1","NT_LE-LH_T3_NA_01"
"CH_Weber_Max_1897__1","NT_LE-LH_T3_NA_01"
"CH_Weber_Max_1897__2","NT_LE-LH_T3_NA_01"
"CH_Weber_Monika_1943__1","NT_LE-UH_T3_NA_01"
"CH_Weber_Monika_1943__2","NT_LE-LH_T3_NA_01"
"CH_Weber_Rolf_1923__1","NT_LE-LH_T3_NA_01"
"CH_Weber_Walter_1917__1","NT_LE-UH_T3_NA_01"
"CH_Weck_Bernard_1890__1","NT_LE-UH_T3_NA_01"
"CH_Weder_Hansjuerg_1928__1","NT_LE-LH_T3_NA_01"
"CH_Wehrli_Laurent_1965__1","NT_LE-LH_T3_NA_01"
"CH_Wehrli_Reto_1965__1","NT_LE-LH_T3_NA_01"
"CH_Weibel_Rainer_1921__1","NT_LE-LH_T3_NA_01"
"CH_Weibel_Thomas_1954__1","NT_LE-LH_T3_NA_01"
"CH_Weigelt_Peter_1956__1","NT_LE-LH_T3_NA_01"
"CH_Weisskopf_Erich_1920__1","NT_LE-LH_T3_NA_01"
"CH_Wellauer_Hermann_1924__1","NT_LE-LH_T3_NA_01"
"CH_Welter_Rudolf_1911__1","NT_LE-LH_T3_NA_01"
"CH_Wenger_Otto_1910__1","NT_LE-LH_T3_NA_01"
"CH_Wenger_Rico_1944__1","NT_LE-UH_T3_NA_01"
"CH_Wenk_Gustav_1884__1","NT_LE-UH_T3_NA_01"
"CH_Wenk_Willi_1914__1","NT_LE-UH_T3_NA_01"
"CH_Wermuth_Cedric_1986__1","NT_LE-LH_T3_NA_01"
"CH_Wey_Max_1892__1","NT_LE-LH_T3_NA_01"
"CH_Weyeneth_Hermann_1943__1","NT_LE-LH_T3_NA_01"
"CH_Wick_Hugo_1935__1","NT_LE-LH_T3_NA_01"
"CH_Wick_Hugo_1935__2","NT_LE-LH_T3_NA_01"
"CH_Wick_Karl_1891__1","NT_LE-LH_T3_NA_01"
"CH_Wicki_Franz_1939__1","NT_LE-UH_T3_NA_01"
"CH_Wicki_Hans_1964__1","NT_LE-UH_T3_NA_01"
"CH_Wicky_Nelly_1923__1","NT_LE-LH_T3_NA_01"
"CH_Widmer_Bernhard_1876__1","NT_LE-LH_T3_NA_01"
"CH_Widmer_Hans_1941__1","NT_LE-LH_T3_NA_01"
"CH_Widmer_Sigmund_1919__1","NT_LE-LH_T3_NA_01"
"CH_Widmer_Sigmund_1919__2","NT_LE-LH_T3_NA_01"
"CH_Widmer_Walter_1897__1","NT_LE-LH_T3_NA_01"
"CH_Widrig_Hans_1941__1","NT_LE-LH_T3_NA_01"
"CH_Widrig_Hans_1941__2","NT_LE-LH_T3_NA_01"
"CH_Wiederkehr_Roland_1943__1","NT_LE-LH_T3_NA_01"
"CH_Wiedmer_Woldemar_1898__1","NT_LE-LH_T3_NA_01"
"CH_Wilhelm_Jean_1929__1","NT_LE-LH_T3_NA_01"
"CH_Winiker_Vinzenz_1883__1","NT_LE-LH_T3_NA_01"
"CH_Winiker_Vinzenz_1883__2","NT_LE-LH_T3_NA_01"
"CH_Winkler_Rudolf_1955__1","NT_LE-LH_T3_NA_01"
"CH_Winzeler_Johannes_1879__1","NT_LE-UH_T3_NA_01"
"CH_Winzeler_Johannes_1879__2","NT_LE-LH_T3_NA_01"
"CH_Wipfli_Emil_1900__1","NT_LE-UH_T3_NA_01"
"CH_Wirz_Christine_1944__1","NT_LE-LH_T3_NA_01"
"CH_Wittenwiler_Milli_1943__1","NT_LE-LH_T3_NA_01"
"CH_Wobmann_Walter_1957__1","NT_LE-LH_T3_NA_01"
"CH_Woog_Edgar_1898__1","NT_LE-LH_T3_NA_01"
"CH_Wuerth_Beni_1968__1","NT_LE-UH_T3_NA_01"
"CH_Wuethrich_Adrian_1980__1","NT_LE-LH_T3_NA_01"
"CH_Wuethrich_Ernst_1905__1","NT_LE-LH_T3_NA_01"
"CH_Wyer_Hans_1927__1","NT_LE-LH_T3_NA_01"
"CH_Wyler_Didier_1917__1","NT_LE-LH_T3_NA_01"
"CH_Wyss_Brigit_1960__1","NT_LE-LH_T3_NA_01"
"CH_Wyss_Edmund_1916__1","NT_LE-LH_T3_NA_01"
"CH_Wyss_Paul_1928__33","NT_LE-LH_T3_NA_01"
"CH_Wyss_Ursula_1973__1","NT_LE-LH_T3_NA_01"
"CH_Wyss_William_1938__1","NT_LE-LH_T3_NA_01"
"CH_Wyss_William_1938__2","NT_LE-LH_T3_NA_01"
"CH_Zaech_Guido_1935__1","NT_LE-LH_T3_NA_01"
"CH_Zanetti_Claudio_1967__1","NT_LE-LH_T3_NA_01"
"CH_Zanetti_Roberto_1954__1","NT_LE-UH_T3_NA_01"
"CH_Zanetti_Roberto_1954__2","NT_LE-LH_T3_NA_01"
"CH_Zapfl_Rosmarie_1939__1","NT_LE-LH_T3_NA_01"
"CH_Zbinden_Hans_1943__1","NT_LE-LH_T3_NA_01"
"CH_Zbinden_Hans_1943__2","NT_LE-LH_T3_NA_01"
"CH_Zbinden_Paul_1938__1","NT_LE-LH_T3_NA_01"
"CH_Zehnder_Alois_1898__1","NT_LE-UH_T3_NA_01"
"CH_Zehnder_Herbert_1927__1","NT_LE-LH_T3_NA_01"
"CH_Zeli_Edoardo_1882__1","NT_LE-LH_T3_NA_01"
"CH_Zeli_Edoardo_1882__2","NT_LE-LH_T3_NA_01"
"CH_Zeller_Andreas_1903__1","NT_LE-LH_T3_NA_01"
"CH_Zeller_Andreas_1903__2","NT_LE-LH_T3_NA_01"
"CH_Zeller_Andreas_1948__1","NT_LE-LH_T3_NA_01"
"CH_Zellweger_Eduard_1901__1","NT_LE-UH_T3_NA_01"
"CH_Zellweger_Eduard_1901__2","NT_LE-LH_T3_NA_01"
"CH_Zellweger_Eduard_1901__3","NT_LE-LH_T3_NA_01"
"CH_Zemp_Markus_1954__1","NT_LE-LH_T3_NA_01"
"CH_Ziegler_Jean_1934__1","NT_LE-LH_T3_NA_01"
"CH_Ziegler_Jean_1934__2","NT_LE-LH_T3_NA_01"
"CH_Ziegler_Josef_1924__1","NT_LE-LH_T3_NA_01"
"CH_Ziegler_Oswald_1933__1","NT_LE-UH_T3_NA_01"
"CH_Zigerli_Paul_1883__1","NT_LE-LH_T3_NA_01"
"CH_Zimmerli_Ulrich_1942__1","NT_LE-UH_T3_NA_01"
"CH_Zioerjen_Lothar_1955__1","NT_LE-LH_T3_NA_01"
"CH_Zisyadis_Josef_1956__1","NT_LE-LH_T3_NA_01"
"CH_Zisyadis_Josef_1956__2","NT_LE-LH_T3_NA_01"
"CH_Zoelch_Elisabeth_1951__1","NT_LE-LH_T3_NA_01"
"CH_Zuberbuehler_David_1979__1","NT_LE-LH_T3_NA_01"
"CH_Zueger_Arthur_1940__1","NT_LE-LH_T3_NA_01"
"CH_Zumbuehl_Norbert_1919__1","NT_LE-UH_T3_NA_01"
"CH_Zuppiger_Bruno_1952__1","NT_LE-LH_T3_NA_01"
"CH_Zust_Franz_1895__1","NT_LE-UH_T3_NA_01"
"CH_Zwahlen_Jean_1943__7","NT_LE-LH_T3_NA_01"
"CH_Zweifel_Ludwig_1888__1","NT_LE-LH_T3_NA_01"
"CH_Zwingli_Walter_1925__1","NT_LE-LH_T3_NA_01"
"CH_Zwygart_Otto_1911__1","NT_LE-LH_T3_NA_01"
"CH_Zwygart_Otto_1940__1","NT_LE-LH_T3_NA_01"
